case,dataset,suite,system,system_name,root_cause_service,fault,fault_description,repetition,inject_time,n_metrics,n_timesteps,time_start,time_end,duration_minutes,normal_timesteps,faulty_timesteps,has_logs,n_logs,has_traces,n_traces,has_root_cause_file
re1ob_adservice_cpu_1,RE1-OB,RE1,ob,Online Boutique,adservice,cpu,CPU stress,1,1685202688,49,4201,1685200588,1685204788,70.0,2100,2101,False,0,False,0,False
re1ob_adservice_cpu_2,RE1-OB,RE1,ob,Online Boutique,adservice,cpu,CPU stress,2,1685206967,49,4201,1685204867,1685209067,70.0,2100,2101,False,0,False,0,False
re1ob_adservice_cpu_3,RE1-OB,RE1,ob,Online Boutique,adservice,cpu,CPU stress,3,1685211245,49,4201,1685209145,1685213345,70.0,2100,2101,False,0,False,0,False
re1ob_adservice_cpu_4,RE1-OB,RE1,ob,Online Boutique,adservice,cpu,CPU stress,4,1685229704,49,4201,1685227604,1685231804,70.0,2100,2101,False,0,False,0,False
re1ob_adservice_cpu_5,RE1-OB,RE1,ob,Online Boutique,adservice,cpu,CPU stress,5,1685220134,49,4201,1685218034,1685222234,70.0,2100,2101,False,0,False,0,False
re1ob_adservice_delay_1,RE1-OB,RE1,ob,Online Boutique,adservice,delay,network delay,1,1692583932,57,721,1692583572,1692584292,12.0,360,361,False,0,False,0,False
re1ob_adservice_delay_2,RE1-OB,RE1,ob,Online Boutique,adservice,delay,network delay,2,1692584700,57,721,1692584340,1692585060,12.0,360,361,False,0,False,0,False
re1ob_adservice_delay_3,RE1-OB,RE1,ob,Online Boutique,adservice,delay,network delay,3,1692585468,57,721,1692585108,1692585828,12.0,360,361,False,0,False,0,False
re1ob_adservice_delay_4,RE1-OB,RE1,ob,Online Boutique,adservice,delay,network delay,4,1692586236,57,721,1692585876,1692586596,12.0,360,361,False,0,False,0,False
re1ob_adservice_delay_5,RE1-OB,RE1,ob,Online Boutique,adservice,delay,network delay,5,1692612189,58,721,1692611829,1692612549,12.0,360,361,False,0,False,0,False
re1ob_adservice_disk_1,RE1-OB,RE1,ob,Online Boutique,adservice,disk,disk I/O stress,1,1702354817,56,721,1702354457,1702355177,12.0,360,361,False,0,False,0,False
re1ob_adservice_disk_2,RE1-OB,RE1,ob,Online Boutique,adservice,disk,disk I/O stress,2,1702359042,57,721,1702358682,1702359402,12.0,360,361,False,0,False,0,False
re1ob_adservice_disk_3,RE1-OB,RE1,ob,Online Boutique,adservice,disk,disk I/O stress,3,1702359817,57,721,1702359457,1702360177,12.0,360,361,False,0,False,0,False
re1ob_adservice_disk_4,RE1-OB,RE1,ob,Online Boutique,adservice,disk,disk I/O stress,4,1702360589,57,721,1702360229,1702360949,12.0,360,361,False,0,False,0,False
re1ob_adservice_disk_5,RE1-OB,RE1,ob,Online Boutique,adservice,disk,disk I/O stress,5,1702361360,57,721,1702361000,1702361720,12.0,360,361,False,0,False,0,False
re1ob_adservice_loss_1,RE1-OB,RE1,ob,Online Boutique,adservice,loss,network packet loss,1,1693322053,59,721,1693321693,1693322413,12.0,360,361,False,0,False,0,False
re1ob_adservice_loss_2,RE1-OB,RE1,ob,Online Boutique,adservice,loss,network packet loss,2,1693316537,59,721,1693316177,1693316897,12.0,360,361,False,0,False,0,False
re1ob_adservice_loss_3,RE1-OB,RE1,ob,Online Boutique,adservice,loss,network packet loss,3,1693317308,59,721,1693316948,1693317668,12.0,360,361,False,0,False,0,False
re1ob_adservice_loss_4,RE1-OB,RE1,ob,Online Boutique,adservice,loss,network packet loss,4,1692660354,59,721,1692659994,1692660714,12.0,360,361,False,0,False,0,False
re1ob_adservice_loss_5,RE1-OB,RE1,ob,Online Boutique,adservice,loss,network packet loss,5,1693318081,59,721,1693317721,1693318441,12.0,360,361,False,0,False,0,False
re1ob_adservice_mem_1,RE1-OB,RE1,ob,Online Boutique,adservice,mem,memory stress,1,1685224742,49,4201,1685222642,1685226842,70.0,2100,2101,False,0,False,0,False
re1ob_adservice_mem_2,RE1-OB,RE1,ob,Online Boutique,adservice,mem,memory stress,2,1685234046,49,4201,1685231946,1685236146,70.0,2100,2101,False,0,False,0,False
re1ob_adservice_mem_3,RE1-OB,RE1,ob,Online Boutique,adservice,mem,memory stress,3,1685238391,49,4201,1685236291,1685240491,70.0,2100,2101,False,0,False,0,False
re1ob_adservice_mem_4,RE1-OB,RE1,ob,Online Boutique,adservice,mem,memory stress,4,1685242738,49,4201,1685240638,1685244838,70.0,2100,2101,False,0,False,0,False
re1ob_adservice_mem_5,RE1-OB,RE1,ob,Online Boutique,adservice,mem,memory stress,5,1685247084,49,4201,1685244984,1685249184,70.0,2100,2101,False,0,False,0,False
re1ob_cartservice_cpu_1,RE1-OB,RE1,ob,Online Boutique,cartservice,cpu,CPU stress,1,1685251430,49,4201,1685249330,1685253530,70.0,2100,2101,False,0,False,0,False
re1ob_cartservice_cpu_2,RE1-OB,RE1,ob,Online Boutique,cartservice,cpu,CPU stress,2,1685255770,49,4201,1685253670,1685257870,70.0,2100,2101,False,0,False,0,False
re1ob_cartservice_cpu_3,RE1-OB,RE1,ob,Online Boutique,cartservice,cpu,CPU stress,3,1685260110,49,4201,1685258010,1685262210,70.0,2100,2101,False,0,False,0,False
re1ob_cartservice_cpu_4,RE1-OB,RE1,ob,Online Boutique,cartservice,cpu,CPU stress,4,1685264450,49,4201,1685262350,1685266550,70.0,2100,2101,False,0,False,0,False
re1ob_cartservice_cpu_5,RE1-OB,RE1,ob,Online Boutique,cartservice,cpu,CPU stress,5,1685268791,49,4201,1685266691,1685270891,70.0,2100,2101,False,0,False,0,False
re1ob_cartservice_delay_1,RE1-OB,RE1,ob,Online Boutique,cartservice,delay,network delay,1,1692628112,58,721,1692627752,1692628472,12.0,360,361,False,0,False,0,False
re1ob_cartservice_delay_2,RE1-OB,RE1,ob,Online Boutique,cartservice,delay,network delay,2,1692628881,58,721,1692628521,1692629241,12.0,360,361,False,0,False,0,False
re1ob_cartservice_delay_3,RE1-OB,RE1,ob,Online Boutique,cartservice,delay,network delay,3,1692608348,58,721,1692607988,1692608708,12.0,360,361,False,0,False,0,False
re1ob_cartservice_delay_4,RE1-OB,RE1,ob,Online Boutique,cartservice,delay,network delay,4,1692621704,58,721,1692621344,1692622064,12.0,360,361,False,0,False,0,False
re1ob_cartservice_delay_5,RE1-OB,RE1,ob,Online Boutique,cartservice,delay,network delay,5,1692629647,58,721,1692629287,1692630007,12.0,360,361,False,0,False,0,False
re1ob_cartservice_disk_1,RE1-OB,RE1,ob,Online Boutique,cartservice,disk,disk I/O stress,1,1702355592,56,721,1702355232,1702355952,12.0,360,361,False,0,False,0,False
re1ob_cartservice_disk_2,RE1-OB,RE1,ob,Online Boutique,cartservice,disk,disk I/O stress,2,1702362131,57,721,1702361771,1702362491,12.0,360,361,False,0,False,0,False
re1ob_cartservice_disk_3,RE1-OB,RE1,ob,Online Boutique,cartservice,disk,disk I/O stress,3,1702362925,58,721,1702362565,1702363285,12.0,360,361,False,0,False,0,False
re1ob_cartservice_disk_4,RE1-OB,RE1,ob,Online Boutique,cartservice,disk,disk I/O stress,4,1702363698,57,721,1702363338,1702364058,12.0,360,361,False,0,False,0,False
re1ob_cartservice_disk_5,RE1-OB,RE1,ob,Online Boutique,cartservice,disk,disk I/O stress,5,1702364469,58,721,1702364109,1702364829,12.0,360,361,False,0,False,0,False
re1ob_cartservice_loss_1,RE1-OB,RE1,ob,Online Boutique,cartservice,loss,network packet loss,1,1693313452,59,721,1693313092,1693313812,12.0,360,361,False,0,False,0,False
re1ob_cartservice_loss_2,RE1-OB,RE1,ob,Online Boutique,cartservice,loss,network packet loss,2,1692641016,59,721,1692640656,1692641376,12.0,360,361,False,0,False,0,False
re1ob_cartservice_loss_3,RE1-OB,RE1,ob,Online Boutique,cartservice,loss,network packet loss,3,1692641787,59,721,1692641427,1692642147,12.0,360,361,False,0,False,0,False
re1ob_cartservice_loss_4,RE1-OB,RE1,ob,Online Boutique,cartservice,loss,network packet loss,4,1692642559,59,721,1692642199,1692642919,12.0,360,361,False,0,False,0,False
re1ob_cartservice_loss_5,RE1-OB,RE1,ob,Online Boutique,cartservice,loss,network packet loss,5,1692643330,59,721,1692642970,1692643690,12.0,360,361,False,0,False,0,False
re1ob_cartservice_mem_1,RE1-OB,RE1,ob,Online Boutique,cartservice,mem,memory stress,1,1685273133,49,4201,1685271033,1685275233,70.0,2100,2101,False,0,False,0,False
re1ob_cartservice_mem_2,RE1-OB,RE1,ob,Online Boutique,cartservice,mem,memory stress,2,1685277478,49,4201,1685275378,1685279578,70.0,2100,2101,False,0,False,0,False
re1ob_cartservice_mem_3,RE1-OB,RE1,ob,Online Boutique,cartservice,mem,memory stress,3,1685281821,49,4201,1685279721,1685283921,70.0,2100,2101,False,0,False,0,False
re1ob_cartservice_mem_4,RE1-OB,RE1,ob,Online Boutique,cartservice,mem,memory stress,4,1685286163,49,4201,1685284063,1685288263,70.0,2100,2101,False,0,False,0,False
re1ob_cartservice_mem_5,RE1-OB,RE1,ob,Online Boutique,cartservice,mem,memory stress,5,1685290508,49,4201,1685288408,1685292608,70.0,2100,2101,False,0,False,0,False
re1ob_checkoutservice_cpu_1,RE1-OB,RE1,ob,Online Boutique,checkoutservice,cpu,CPU stress,1,1685294851,49,4201,1685292751,1685296951,70.0,2100,2101,False,0,False,0,False
re1ob_checkoutservice_cpu_2,RE1-OB,RE1,ob,Online Boutique,checkoutservice,cpu,CPU stress,2,1685551922,49,4201,1685549822,1685554022,70.0,2100,2101,False,0,False,0,False
re1ob_checkoutservice_cpu_3,RE1-OB,RE1,ob,Online Boutique,checkoutservice,cpu,CPU stress,3,1685303532,49,4201,1685301432,1685305632,70.0,2100,2101,False,0,False,0,False
re1ob_checkoutservice_cpu_4,RE1-OB,RE1,ob,Online Boutique,checkoutservice,cpu,CPU stress,4,1685556376,49,2679,1685554276,1685556954,44.6,2100,579,False,0,False,0,False
re1ob_checkoutservice_cpu_5,RE1-OB,RE1,ob,Online Boutique,checkoutservice,cpu,CPU stress,5,1685569563,49,4201,1685567463,1685571663,70.0,2100,2101,False,0,False,0,False
re1ob_checkoutservice_delay_1,RE1-OB,RE1,ob,Online Boutique,checkoutservice,delay,network delay,1,1692602972,57,721,1692602612,1692603332,12.0,360,361,False,0,False,0,False
re1ob_checkoutservice_delay_2,RE1-OB,RE1,ob,Online Boutique,checkoutservice,delay,network delay,2,1692603740,57,721,1692603380,1692604100,12.0,360,361,False,0,False,0,False
re1ob_checkoutservice_delay_3,RE1-OB,RE1,ob,Online Boutique,checkoutservice,delay,network delay,3,1692604507,57,721,1692604147,1692604867,12.0,360,361,False,0,False,0,False
re1ob_checkoutservice_delay_4,RE1-OB,RE1,ob,Online Boutique,checkoutservice,delay,network delay,4,1692605275,58,721,1692604915,1692605635,12.0,360,361,False,0,False,0,False
re1ob_checkoutservice_delay_5,RE1-OB,RE1,ob,Online Boutique,checkoutservice,delay,network delay,5,1692606042,58,721,1692605682,1692606402,12.0,360,361,False,0,False,0,False
re1ob_checkoutservice_disk_1,RE1-OB,RE1,ob,Online Boutique,checkoutservice,disk,disk I/O stress,1,1702356364,56,721,1702356004,1702356724,12.0,360,361,False,0,False,0,False
re1ob_checkoutservice_disk_2,RE1-OB,RE1,ob,Online Boutique,checkoutservice,disk,disk I/O stress,2,1702365246,58,721,1702364886,1702365606,12.0,360,361,False,0,False,0,False
re1ob_checkoutservice_disk_3,RE1-OB,RE1,ob,Online Boutique,checkoutservice,disk,disk I/O stress,3,1702366022,58,721,1702365662,1702366382,12.0,360,361,False,0,False,0,False
re1ob_checkoutservice_disk_4,RE1-OB,RE1,ob,Online Boutique,checkoutservice,disk,disk I/O stress,4,1702366794,58,721,1702366434,1702367154,12.0,360,361,False,0,False,0,False
re1ob_checkoutservice_disk_5,RE1-OB,RE1,ob,Online Boutique,checkoutservice,disk,disk I/O stress,5,1702367565,58,721,1702367205,1702367925,12.0,360,361,False,0,False,0,False
re1ob_checkoutservice_loss_1,RE1-OB,RE1,ob,Online Boutique,checkoutservice,loss,network packet loss,1,1692634363,59,721,1692634003,1692634723,12.0,360,361,False,0,False,0,False
re1ob_checkoutservice_loss_2,RE1-OB,RE1,ob,Online Boutique,checkoutservice,loss,network packet loss,2,1692635135,59,721,1692634775,1692635495,12.0,360,361,False,0,False,0,False
re1ob_checkoutservice_loss_3,RE1-OB,RE1,ob,Online Boutique,checkoutservice,loss,network packet loss,3,1692635905,59,721,1692635545,1692636265,12.0,360,361,False,0,False,0,False
re1ob_checkoutservice_loss_4,RE1-OB,RE1,ob,Online Boutique,checkoutservice,loss,network packet loss,4,1692636675,59,721,1692636315,1692637035,12.0,360,361,False,0,False,0,False
re1ob_checkoutservice_loss_5,RE1-OB,RE1,ob,Online Boutique,checkoutservice,loss,network packet loss,5,1692637444,59,721,1692637084,1692637804,12.0,360,361,False,0,False,0,False
re1ob_checkoutservice_mem_1,RE1-OB,RE1,ob,Online Boutique,checkoutservice,mem,memory stress,1,1685501112,49,4201,1685499012,1685503212,70.0,2100,2101,False,0,False,0,False
re1ob_checkoutservice_mem_2,RE1-OB,RE1,ob,Online Boutique,checkoutservice,mem,memory stress,2,1685505453,49,4201,1685503353,1685507553,70.0,2100,2101,False,0,False,0,False
re1ob_checkoutservice_mem_3,RE1-OB,RE1,ob,Online Boutique,checkoutservice,mem,memory stress,3,1685321879,49,4201,1685319779,1685323979,70.0,2100,2101,False,0,False,0,False
re1ob_checkoutservice_mem_4,RE1-OB,RE1,ob,Online Boutique,checkoutservice,mem,memory stress,4,1685326220,49,4201,1685324120,1685328320,70.0,2100,2101,False,0,False,0,False
re1ob_checkoutservice_mem_5,RE1-OB,RE1,ob,Online Boutique,checkoutservice,mem,memory stress,5,1685509793,49,4201,1685507693,1685511893,70.0,2100,2101,False,0,False,0,False
re1ob_currencyservice_cpu_1,RE1-OB,RE1,ob,Online Boutique,currencyservice,cpu,CPU stress,1,1685514134,49,4201,1685512034,1685516234,70.0,2100,2101,False,0,False,0,False
re1ob_currencyservice_cpu_2,RE1-OB,RE1,ob,Online Boutique,currencyservice,cpu,CPU stress,2,1685518566,49,4201,1685516466,1685520666,70.0,2100,2101,False,0,False,0,False
re1ob_currencyservice_cpu_3,RE1-OB,RE1,ob,Online Boutique,currencyservice,cpu,CPU stress,3,1685523009,49,4201,1685520909,1685525109,70.0,2100,2101,False,0,False,0,False
re1ob_currencyservice_cpu_4,RE1-OB,RE1,ob,Online Boutique,currencyservice,cpu,CPU stress,4,1685527349,49,4201,1685525249,1685529449,70.0,2100,2101,False,0,False,0,False
re1ob_currencyservice_cpu_5,RE1-OB,RE1,ob,Online Boutique,currencyservice,cpu,CPU stress,5,1685531776,49,4201,1685529676,1685533876,70.0,2100,2101,False,0,False,0,False
re1ob_currencyservice_delay_1,RE1-OB,RE1,ob,Online Boutique,currencyservice,delay,network delay,1,1692576250,57,721,1692575890,1692576610,12.0,360,361,False,0,False,0,False
re1ob_currencyservice_delay_2,RE1-OB,RE1,ob,Online Boutique,currencyservice,delay,network delay,2,1692577020,57,721,1692576660,1692577380,12.0,360,361,False,0,False,0,False
re1ob_currencyservice_delay_3,RE1-OB,RE1,ob,Online Boutique,currencyservice,delay,network delay,3,1692610652,58,721,1692610292,1692611012,12.0,360,361,False,0,False,0,False
re1ob_currencyservice_delay_4,RE1-OB,RE1,ob,Online Boutique,currencyservice,delay,network delay,4,1692611420,58,721,1692611060,1692611780,12.0,360,361,False,0,False,0,False
re1ob_currencyservice_delay_5,RE1-OB,RE1,ob,Online Boutique,currencyservice,delay,network delay,5,1692579323,57,721,1692578963,1692579683,12.0,360,361,False,0,False,0,False
re1ob_currencyservice_disk_1,RE1-OB,RE1,ob,Online Boutique,currencyservice,disk,disk I/O stress,1,1702357134,56,721,1702356774,1702357494,12.0,360,361,False,0,False,0,False
re1ob_currencyservice_disk_2,RE1-OB,RE1,ob,Online Boutique,currencyservice,disk,disk I/O stress,2,1702368341,58,721,1702367981,1702368701,12.0,360,361,False,0,False,0,False
re1ob_currencyservice_disk_3,RE1-OB,RE1,ob,Online Boutique,currencyservice,disk,disk I/O stress,3,1702379974,58,721,1702379614,1702380334,12.0,360,361,False,0,False,0,False
re1ob_currencyservice_disk_4,RE1-OB,RE1,ob,Online Boutique,currencyservice,disk,disk I/O stress,4,1702373152,56,721,1702372792,1702373512,12.0,360,361,False,0,False,0,False
re1ob_currencyservice_disk_5,RE1-OB,RE1,ob,Online Boutique,currencyservice,disk,disk I/O stress,5,1702373924,56,721,1702373564,1702374284,12.0,360,361,False,0,False,0,False
re1ob_currencyservice_loss_1,RE1-OB,RE1,ob,Online Boutique,currencyservice,loss,network packet loss,1,16933142,59,721,1693313863,1693314583,12.0,0,721,False,0,False,0,False
re1ob_currencyservice_loss_2,RE1-OB,RE1,ob,Online Boutique,currencyservice,loss,network packet loss,2,1692646911,59,721,1692646551,1692647271,12.0,360,361,False,0,False,0,False
re1ob_currencyservice_loss_3,RE1-OB,RE1,ob,Online Boutique,currencyservice,loss,network packet loss,3,1692647685,59,721,1692647325,1692648045,12.0,360,361,False,0,False,0,False
re1ob_currencyservice_loss_4,RE1-OB,RE1,ob,Online Boutique,currencyservice,loss,network packet loss,4,1692648459,59,721,1692648099,1692648819,12.0,360,361,False,0,False,0,False
re1ob_currencyservice_loss_5,RE1-OB,RE1,ob,Online Boutique,currencyservice,loss,network packet loss,5,1692649234,59,721,1692648874,1692649594,12.0,360,361,False,0,False,0,False
re1ob_currencyservice_mem_1,RE1-OB,RE1,ob,Online Boutique,currencyservice,mem,memory stress,1,1685347082,49,4201,1685344982,1685349182,70.0,2100,2101,False,0,False,0,False
re1ob_currencyservice_mem_2,RE1-OB,RE1,ob,Online Boutique,currencyservice,mem,memory stress,2,1685351423,49,4201,1685349323,1685353523,70.0,2100,2101,False,0,False,0,False
re1ob_currencyservice_mem_3,RE1-OB,RE1,ob,Online Boutique,currencyservice,mem,memory stress,3,1685355763,49,4201,1685353663,1685357863,70.0,2100,2101,False,0,False,0,False
re1ob_currencyservice_mem_4,RE1-OB,RE1,ob,Online Boutique,currencyservice,mem,memory stress,4,1685536221,49,4201,1685534121,1685538321,70.0,2100,2101,False,0,False,0,False
re1ob_currencyservice_mem_5,RE1-OB,RE1,ob,Online Boutique,currencyservice,mem,memory stress,5,1685540612,49,4201,1685538512,1685542712,70.0,2100,2101,False,0,False,0,False
re1ob_productcatalogservice_cpu_1,RE1-OB,RE1,ob,Online Boutique,productcatalogservice,cpu,CPU stress,1,1685364577,49,4201,1685362477,1685366677,70.0,2100,2101,False,0,False,0,False
re1ob_productcatalogservice_cpu_2,RE1-OB,RE1,ob,Online Boutique,productcatalogservice,cpu,CPU stress,2,1685368916,49,4201,1685366816,1685371016,70.0,2100,2101,False,0,False,0,False
re1ob_productcatalogservice_cpu_3,RE1-OB,RE1,ob,Online Boutique,productcatalogservice,cpu,CPU stress,3,1685373255,58,63,1685371737,1685371799,1.0,63,0,False,0,False,0,False
re1ob_productcatalogservice_cpu_4,RE1-OB,RE1,ob,Online Boutique,productcatalogservice,cpu,CPU stress,4,1685544980,49,4201,1685542880,1685547080,70.0,2100,2101,False,0,False,0,False
re1ob_productcatalogservice_cpu_5,RE1-OB,RE1,ob,Online Boutique,productcatalogservice,cpu,CPU stress,5,1685563532,49,4201,1685561432,1685565632,70.0,2100,2101,False,0,False,0,False
re1ob_productcatalogservice_delay_1,RE1-OB,RE1,ob,Online Boutique,productcatalogservice,delay,network delay,1,1692589306,57,721,1692588946,1692589666,12.0,360,361,False,0,False,0,False
re1ob_productcatalogservice_delay_2,RE1-OB,RE1,ob,Online Boutique,productcatalogservice,delay,network delay,2,1692624019,58,721,1692623659,1692624379,12.0,360,361,False,0,False,0,False
re1ob_productcatalogservice_delay_3,RE1-OB,RE1,ob,Online Boutique,productcatalogservice,delay,network delay,3,1692614494,58,721,1692614134,1692614854,12.0,360,361,False,0,False,0,False
re1ob_productcatalogservice_delay_4,RE1-OB,RE1,ob,Online Boutique,productcatalogservice,delay,network delay,4,1692706428,56,721,1692706068,1692706788,12.0,360,361,False,0,False,0,False
re1ob_productcatalogservice_delay_5,RE1-OB,RE1,ob,Online Boutique,productcatalogservice,delay,network delay,5,1692616042,58,721,1692615682,1692616402,12.0,360,361,False,0,False,0,False
re1ob_productcatalogservice_disk_1,RE1-OB,RE1,ob,Online Boutique,productcatalogservice,disk,disk I/O stress,1,1702357908,57,721,1702357548,1702358268,12.0,360,361,False,0,False,0,False
re1ob_productcatalogservice_disk_2,RE1-OB,RE1,ob,Online Boutique,productcatalogservice,disk,disk I/O stress,2,1702374697,57,721,1702374337,1702375057,12.0,360,361,False,0,False,0,False
re1ob_productcatalogservice_disk_3,RE1-OB,RE1,ob,Online Boutique,productcatalogservice,disk,disk I/O stress,3,1702375470,57,721,1702375110,1702375830,12.0,360,361,False,0,False,0,False
re1ob_productcatalogservice_disk_4,RE1-OB,RE1,ob,Online Boutique,productcatalogservice,disk,disk I/O stress,4,1702376238,58,721,1702375878,1702376598,12.0,360,361,False,0,False,0,False
re1ob_productcatalogservice_disk_5,RE1-OB,RE1,ob,Online Boutique,productcatalogservice,disk,disk I/O stress,5,1702377005,58,721,1702376645,1702377365,12.0,360,361,False,0,False,0,False
re1ob_productcatalogservice_loss_1,RE1-OB,RE1,ob,Online Boutique,productcatalogservice,loss,network packet loss,1,1692665535,59,721,1692665175,1692665895,12.0,360,361,False,0,False,0,False
re1ob_productcatalogservice_loss_2,RE1-OB,RE1,ob,Online Boutique,productcatalogservice,loss,network packet loss,2,1692666311,59,721,1692665951,1692666671,12.0,360,361,False,0,False,0,False
re1ob_productcatalogservice_loss_3,RE1-OB,RE1,ob,Online Boutique,productcatalogservice,loss,network packet loss,3,1692667087,59,721,1692666727,1692667447,12.0,360,361,False,0,False,0,False
re1ob_productcatalogservice_loss_4,RE1-OB,RE1,ob,Online Boutique,productcatalogservice,loss,network packet loss,4,1692667865,59,721,1692667505,1692668225,12.0,360,361,False,0,False,0,False
re1ob_productcatalogservice_loss_5,RE1-OB,RE1,ob,Online Boutique,productcatalogservice,loss,network packet loss,5,1692668642,59,721,1692668282,1692669002,12.0,360,361,False,0,False,0,False
re1ob_productcatalogservice_mem_1,RE1-OB,RE1,ob,Online Boutique,productcatalogservice,mem,memory stress,1,1685383134,49,4201,1685381034,1685385234,70.0,2100,2101,False,0,False,0,False
re1ob_productcatalogservice_mem_2,RE1-OB,RE1,ob,Online Boutique,productcatalogservice,mem,memory stress,2,1685387474,49,4201,1685385374,1685389574,70.0,2100,2101,False,0,False,0,False
re1ob_productcatalogservice_mem_3,RE1-OB,RE1,ob,Online Boutique,productcatalogservice,mem,memory stress,3,1685391813,49,4201,1685389713,1685393913,70.0,2100,2101,False,0,False,0,False
re1ob_productcatalogservice_mem_4,RE1-OB,RE1,ob,Online Boutique,productcatalogservice,mem,memory stress,4,1685396154,49,4201,1685394054,1685398254,70.0,2100,2101,False,0,False,0,False
re1ob_productcatalogservice_mem_5,RE1-OB,RE1,ob,Online Boutique,productcatalogservice,mem,memory stress,5,1685400495,49,4201,1685398395,1685402595,70.0,2100,2101,False,0,False,0,False
re1ss_carts_cpu_1,RE1-SS,RE1,ss,Sock Shop,carts,cpu,CPU stress,1,1693068669,59,721,1693068309,1693069029,12.0,360,361,False,0,False,0,False
re1ss_carts_cpu_2,RE1-SS,RE1,ss,Sock Shop,carts,cpu,CPU stress,2,1693091092,59,721,1693090732,1693091452,12.0,360,361,False,0,False,0,False
re1ss_carts_cpu_3,RE1-SS,RE1,ss,Sock Shop,carts,cpu,CPU stress,3,1693091861,59,721,1693091501,1693092221,12.0,360,361,False,0,False,0,False
re1ss_carts_cpu_4,RE1-SS,RE1,ss,Sock Shop,carts,cpu,CPU stress,4,1693092993,59,721,1693092633,1693093353,12.0,360,361,False,0,False,0,False
re1ss_carts_cpu_5,RE1-SS,RE1,ss,Sock Shop,carts,cpu,CPU stress,5,1693093761,59,721,1693093401,1693094121,12.0,360,361,False,0,False,0,False
re1ss_carts_delay_1,RE1-SS,RE1,ss,Sock Shop,carts,delay,network delay,1,1693069446,59,721,1693069086,1693069806,12.0,360,361,False,0,False,0,False
re1ss_carts_delay_2,RE1-SS,RE1,ss,Sock Shop,carts,delay,network delay,2,1693094885,59,721,1693094525,1693095245,12.0,360,361,False,0,False,0,False
re1ss_carts_delay_3,RE1-SS,RE1,ss,Sock Shop,carts,delay,network delay,3,1693095658,59,721,1693095298,1693096018,12.0,360,361,False,0,False,0,False
re1ss_carts_delay_4,RE1-SS,RE1,ss,Sock Shop,carts,delay,network delay,4,1693096785,58,721,1693096425,1693097145,12.0,360,361,False,0,False,0,False
re1ss_carts_delay_5,RE1-SS,RE1,ss,Sock Shop,carts,delay,network delay,5,1693097556,58,721,1693097196,1693097916,12.0,360,361,False,0,False,0,False
re1ss_carts_disk_1,RE1-SS,RE1,ss,Sock Shop,carts,disk,disk I/O stress,1,1702361092,57,721,1702360732,1702361452,12.0,360,361,False,0,False,0,False
re1ss_carts_disk_2,RE1-SS,RE1,ss,Sock Shop,carts,disk,disk I/O stress,2,1702364911,57,721,1702364551,1702365271,12.0,360,361,False,0,False,0,False
re1ss_carts_disk_3,RE1-SS,RE1,ss,Sock Shop,carts,disk,disk I/O stress,3,1702365688,57,721,1702365328,1702366048,12.0,360,361,False,0,False,0,False
re1ss_carts_disk_4,RE1-SS,RE1,ss,Sock Shop,carts,disk,disk I/O stress,4,1702366463,57,721,1702366103,1702366823,12.0,360,361,False,0,False,0,False
re1ss_carts_disk_5,RE1-SS,RE1,ss,Sock Shop,carts,disk,disk I/O stress,5,1702367238,57,721,1702366878,1702367598,12.0,360,361,False,0,False,0,False
re1ss_carts_loss_1,RE1-SS,RE1,ss,Sock Shop,carts,loss,network packet loss,1,1693071361,59,721,1693071001,1693071721,12.0,360,361,False,0,False,0,False
re1ss_carts_loss_2,RE1-SS,RE1,ss,Sock Shop,carts,loss,network packet loss,2,1693102477,59,721,1693102117,1693102837,12.0,360,361,False,0,False,0,False
re1ss_carts_loss_3,RE1-SS,RE1,ss,Sock Shop,carts,loss,network packet loss,3,1693103250,59,721,1693102890,1693103610,12.0,360,361,False,0,False,0,False
re1ss_carts_loss_4,RE1-SS,RE1,ss,Sock Shop,carts,loss,network packet loss,4,1693104378,60,721,1693104018,1693104738,12.0,360,361,False,0,False,0,False
re1ss_carts_loss_5,RE1-SS,RE1,ss,Sock Shop,carts,loss,network packet loss,5,1693105150,60,721,1693104790,1693105510,12.0,360,361,False,0,False,0,False
re1ss_carts_mem_1,RE1-SS,RE1,ss,Sock Shop,carts,mem,memory stress,1,1693070581,59,721,1693070221,1693070941,12.0,360,361,False,0,False,0,False
re1ss_carts_mem_2,RE1-SS,RE1,ss,Sock Shop,carts,mem,memory stress,2,1693098681,58,721,1693098321,1693099041,12.0,360,361,False,0,False,0,False
re1ss_carts_mem_3,RE1-SS,RE1,ss,Sock Shop,carts,mem,memory stress,3,1693099451,58,721,1693099091,1693099811,12.0,360,361,False,0,False,0,False
re1ss_carts_mem_4,RE1-SS,RE1,ss,Sock Shop,carts,mem,memory stress,4,1693100577,59,721,1693100217,1693100937,12.0,360,361,False,0,False,0,False
re1ss_carts_mem_5,RE1-SS,RE1,ss,Sock Shop,carts,mem,memory stress,5,1693101348,59,721,1693100988,1693101708,12.0,360,361,False,0,False,0,False
re1ss_catalogue_cpu_1,RE1-SS,RE1,ss,Sock Shop,catalogue,cpu,CPU stress,1,1693072509,58,721,1693072149,1693072869,12.0,360,361,False,0,False,0,False
re1ss_catalogue_cpu_2,RE1-SS,RE1,ss,Sock Shop,catalogue,cpu,CPU stress,2,1693106277,58,721,1693105917,1693106637,12.0,360,361,False,0,False,0,False
re1ss_catalogue_cpu_3,RE1-SS,RE1,ss,Sock Shop,catalogue,cpu,CPU stress,3,1693233443,59,721,1693233083,1693233803,12.0,360,361,False,0,False,0,False
re1ss_catalogue_cpu_4,RE1-SS,RE1,ss,Sock Shop,catalogue,cpu,CPU stress,4,1693245783,59,721,1693245423,1693246143,12.0,360,361,False,0,False,0,False
re1ss_catalogue_cpu_5,RE1-SS,RE1,ss,Sock Shop,catalogue,cpu,CPU stress,5,1693108942,58,721,1693108582,1693109302,12.0,360,361,False,0,False,0,False
re1ss_catalogue_delay_1,RE1-SS,RE1,ss,Sock Shop,catalogue,delay,network delay,1,1693185956,59,721,1693185596,1693186316,12.0,360,361,False,0,False,0,False
re1ss_catalogue_delay_2,RE1-SS,RE1,ss,Sock Shop,catalogue,delay,network delay,2,1693186729,59,721,1693186369,1693187089,12.0,360,361,False,0,False,0,False
re1ss_catalogue_delay_3,RE1-SS,RE1,ss,Sock Shop,catalogue,delay,network delay,3,1693187864,59,721,1693187504,1693188224,12.0,360,361,False,0,False,0,False
re1ss_catalogue_delay_4,RE1-SS,RE1,ss,Sock Shop,catalogue,delay,network delay,4,1693188635,59,721,1693188275,1693188995,12.0,360,361,False,0,False,0,False
re1ss_catalogue_delay_5,RE1-SS,RE1,ss,Sock Shop,catalogue,delay,network delay,5,1693189762,58,721,1693189402,1693190122,12.0,360,361,False,0,False,0,False
re1ss_catalogue_disk_1,RE1-SS,RE1,ss,Sock Shop,catalogue,disk,disk I/O stress,1,1702361866,57,721,1702361506,1702362226,12.0,360,361,False,0,False,0,False
re1ss_catalogue_disk_2,RE1-SS,RE1,ss,Sock Shop,catalogue,disk,disk I/O stress,2,1702368015,57,721,1702367655,1702368375,12.0,360,361,False,0,False,0,False
re1ss_catalogue_disk_3,RE1-SS,RE1,ss,Sock Shop,catalogue,disk,disk I/O stress,3,1702368793,57,647,1702368433,1702369079,10.8,360,287,False,0,False,0,False
re1ss_catalogue_disk_4,RE1-SS,RE1,ss,Sock Shop,catalogue,disk,disk I/O stress,4,1702373240,63,721,1702372880,1702373600,12.0,360,361,False,0,False,0,False
re1ss_catalogue_disk_5,RE1-SS,RE1,ss,Sock Shop,catalogue,disk,disk I/O stress,5,1702374025,60,721,1702373665,1702374385,12.0,360,361,False,0,False,0,False
re1ss_catalogue_loss_1,RE1-SS,RE1,ss,Sock Shop,catalogue,loss,network packet loss,1,1693075194,60,721,1693074834,1693075554,12.0,360,361,False,0,False,0,False
re1ss_catalogue_loss_2,RE1-SS,RE1,ss,Sock Shop,catalogue,loss,network packet loss,2,1693117681,60,721,1693117321,1693118041,12.0,360,361,False,0,False,0,False
re1ss_catalogue_loss_3,RE1-SS,RE1,ss,Sock Shop,catalogue,loss,network packet loss,3,1693118452,60,721,1693118092,1693118812,12.0,360,361,False,0,False,0,False
re1ss_catalogue_loss_4,RE1-SS,RE1,ss,Sock Shop,catalogue,loss,network packet loss,4,1693119590,59,721,1693119230,1693119950,12.0,360,361,False,0,False,0,False
re1ss_catalogue_loss_5,RE1-SS,RE1,ss,Sock Shop,catalogue,loss,network packet loss,5,1693120362,60,721,1693120002,1693120722,12.0,360,361,False,0,False,0,False
re1ss_catalogue_mem_1,RE1-SS,RE1,ss,Sock Shop,catalogue,mem,memory stress,1,1693074418,60,721,1693074058,1693074778,12.0,360,361,False,0,False,0,False
re1ss_catalogue_mem_2,RE1-SS,RE1,ss,Sock Shop,catalogue,mem,memory stress,2,1693113880,60,721,1693113520,1693114240,12.0,360,361,False,0,False,0,False
re1ss_catalogue_mem_3,RE1-SS,RE1,ss,Sock Shop,catalogue,mem,memory stress,3,1693114650,60,721,1693114290,1693115010,12.0,360,361,False,0,False,0,False
re1ss_catalogue_mem_4,RE1-SS,RE1,ss,Sock Shop,catalogue,mem,memory stress,4,1693115774,59,721,1693115414,1693116134,12.0,360,361,False,0,False,0,False
re1ss_catalogue_mem_5,RE1-SS,RE1,ss,Sock Shop,catalogue,mem,memory stress,5,1693116544,59,721,1693116184,1693116904,12.0,360,361,False,0,False,0,False
re1ss_orders_cpu_1,RE1-SS,RE1,ss,Sock Shop,orders,cpu,CPU stress,1,1693076327,59,721,1693075967,1693076687,12.0,360,361,False,0,False,0,False
re1ss_orders_cpu_2,RE1-SS,RE1,ss,Sock Shop,orders,cpu,CPU stress,2,1693121491,58,721,1693121131,1693121851,12.0,360,361,False,0,False,0,False
re1ss_orders_cpu_3,RE1-SS,RE1,ss,Sock Shop,orders,cpu,CPU stress,3,1693122260,58,721,1693121900,1693122620,12.0,360,361,False,0,False,0,False
re1ss_orders_cpu_4,RE1-SS,RE1,ss,Sock Shop,orders,cpu,CPU stress,4,1693123383,60,721,1693123023,1693123743,12.0,360,361,False,0,False,0,False
re1ss_orders_cpu_5,RE1-SS,RE1,ss,Sock Shop,orders,cpu,CPU stress,5,1693124153,60,721,1693123793,1693124513,12.0,360,361,False,0,False,0,False
re1ss_orders_delay_1,RE1-SS,RE1,ss,Sock Shop,orders,delay,network delay,1,1693077099,59,721,1693076739,1693077459,12.0,360,361,False,0,False,0,False
re1ss_orders_delay_2,RE1-SS,RE1,ss,Sock Shop,orders,delay,network delay,2,1693125279,59,721,1693124919,1693125639,12.0,360,361,False,0,False,0,False
re1ss_orders_delay_3,RE1-SS,RE1,ss,Sock Shop,orders,delay,network delay,3,1693126050,59,721,1693125690,1693126410,12.0,360,361,False,0,False,0,False
re1ss_orders_delay_4,RE1-SS,RE1,ss,Sock Shop,orders,delay,network delay,4,1693127177,59,721,1693126817,1693127537,12.0,360,361,False,0,False,0,False
re1ss_orders_delay_5,RE1-SS,RE1,ss,Sock Shop,orders,delay,network delay,5,1693127948,59,721,1693127588,1693128308,12.0,360,361,False,0,False,0,False
re1ss_orders_disk_1,RE1-SS,RE1,ss,Sock Shop,orders,disk,disk I/O stress,1,1702362641,57,721,1702362281,1702363001,12.0,360,361,False,0,False,0,False
re1ss_orders_disk_2,RE1-SS,RE1,ss,Sock Shop,orders,disk,disk I/O stress,2,1702374820,60,721,1702374460,1702375180,12.0,360,361,False,0,False,0,False
re1ss_orders_disk_3,RE1-SS,RE1,ss,Sock Shop,orders,disk,disk I/O stress,3,1702375600,60,721,1702375240,1702375960,12.0,360,361,False,0,False,0,False
re1ss_orders_disk_4,RE1-SS,RE1,ss,Sock Shop,orders,disk,disk I/O stress,4,1702376381,60,721,1702376021,1702376741,12.0,360,361,False,0,False,0,False
re1ss_orders_disk_5,RE1-SS,RE1,ss,Sock Shop,orders,disk,disk I/O stress,5,1702377162,60,721,1702376802,1702377522,12.0,360,361,False,0,False,0,False
re1ss_orders_loss_1,RE1-SS,RE1,ss,Sock Shop,orders,loss,network packet loss,1,1693234977,60,721,1693234617,1693235337,12.0,360,361,False,0,False,0,False
re1ss_orders_loss_2,RE1-SS,RE1,ss,Sock Shop,orders,loss,network packet loss,2,1693235745,60,721,1693235385,1693236105,12.0,360,361,False,0,False,0,False
re1ss_orders_loss_3,RE1-SS,RE1,ss,Sock Shop,orders,loss,network packet loss,3,1693236872,59,721,1693236512,1693237232,12.0,360,361,False,0,False,0,False
re1ss_orders_loss_4,RE1-SS,RE1,ss,Sock Shop,orders,loss,network packet loss,4,1693195463,59,721,1693195103,1693195823,12.0,360,361,False,0,False,0,False
re1ss_orders_loss_5,RE1-SS,RE1,ss,Sock Shop,orders,loss,network packet loss,5,1693196234,59,721,1693195874,1693196594,12.0,360,361,False,0,False,0,False
re1ss_orders_mem_1,RE1-SS,RE1,ss,Sock Shop,orders,mem,memory stress,1,1693078243,59,721,1693077883,1693078603,12.0,360,361,False,0,False,0,False
re1ss_orders_mem_2,RE1-SS,RE1,ss,Sock Shop,orders,mem,memory stress,2,1693129071,59,721,1693128711,1693129431,12.0,360,361,False,0,False,0,False
re1ss_orders_mem_3,RE1-SS,RE1,ss,Sock Shop,orders,mem,memory stress,3,1693190534,58,721,1693190174,1693190894,12.0,360,361,False,0,False,0,False
re1ss_orders_mem_4,RE1-SS,RE1,ss,Sock Shop,orders,mem,memory stress,4,1693130964,59,721,1693130604,1693131324,12.0,360,361,False,0,False,0,False
re1ss_orders_mem_5,RE1-SS,RE1,ss,Sock Shop,orders,mem,memory stress,5,1693191662,59,721,1693191302,1693192022,12.0,360,361,False,0,False,0,False
re1ss_payment_cpu_1,RE1-SS,RE1,ss,Sock Shop,payment,cpu,CPU stress,1,1693080164,59,721,1693079804,1693080524,12.0,360,361,False,0,False,0,False
re1ss_payment_cpu_2,RE1-SS,RE1,ss,Sock Shop,payment,cpu,CPU stress,2,1693136665,58,721,1693136305,1693137025,12.0,360,361,False,0,False,0,False
re1ss_payment_cpu_3,RE1-SS,RE1,ss,Sock Shop,payment,cpu,CPU stress,3,1693137435,58,721,1693137075,1693137795,12.0,360,361,False,0,False,0,False
re1ss_payment_cpu_4,RE1-SS,RE1,ss,Sock Shop,payment,cpu,CPU stress,4,1693138560,58,721,1693138200,1693138920,12.0,360,361,False,0,False,0,False
re1ss_payment_cpu_5,RE1-SS,RE1,ss,Sock Shop,payment,cpu,CPU stress,5,1693139328,58,721,1693138968,1693139688,12.0,360,361,False,0,False,0,False
re1ss_payment_delay_1,RE1-SS,RE1,ss,Sock Shop,payment,delay,network delay,1,1693197360,59,721,1693197000,1693197720,12.0,360,361,False,0,False,0,False
re1ss_payment_delay_2,RE1-SS,RE1,ss,Sock Shop,payment,delay,network delay,2,1693140464,58,721,1693140104,1693140824,12.0,360,361,False,0,False,0,False
re1ss_payment_delay_3,RE1-SS,RE1,ss,Sock Shop,payment,delay,network delay,3,1693141235,58,721,1693140875,1693141595,12.0,360,361,False,0,False,0,False
re1ss_payment_delay_4,RE1-SS,RE1,ss,Sock Shop,payment,delay,network delay,4,1693142362,59,721,1693142002,1693142722,12.0,360,361,False,0,False,0,False
re1ss_payment_delay_5,RE1-SS,RE1,ss,Sock Shop,payment,delay,network delay,5,1693143134,59,721,1693142774,1693143494,12.0,360,361,False,0,False,0,False
re1ss_payment_disk_1,RE1-SS,RE1,ss,Sock Shop,payment,disk,disk I/O stress,1,1702363415,57,721,1702363055,1702363775,12.0,360,361,False,0,False,0,False
re1ss_payment_disk_2,RE1-SS,RE1,ss,Sock Shop,payment,disk,disk I/O stress,2,1702377943,60,721,1702377583,1702378303,12.0,360,361,False,0,False,0,False
re1ss_payment_disk_3,RE1-SS,RE1,ss,Sock Shop,payment,disk,disk I/O stress,3,1702378722,60,721,1702378362,1702379082,12.0,360,361,False,0,False,0,False
re1ss_payment_disk_4,RE1-SS,RE1,ss,Sock Shop,payment,disk,disk I/O stress,4,1702379502,60,721,1702379142,1702379862,12.0,360,361,False,0,False,0,False
re1ss_payment_disk_5,RE1-SS,RE1,ss,Sock Shop,payment,disk,disk I/O stress,5,1702380282,60,721,1702379922,1702380642,12.0,360,361,False,0,False,0,False
re1ss_payment_loss_1,RE1-SS,RE1,ss,Sock Shop,payment,loss,network packet loss,1,1693218591,58,721,1693218231,1693218951,12.0,360,361,False,0,False,0,False
re1ss_payment_loss_2,RE1-SS,RE1,ss,Sock Shop,payment,loss,network packet loss,2,1693219364,58,721,1693219004,1693219724,12.0,360,361,False,0,False,0,False
re1ss_payment_loss_3,RE1-SS,RE1,ss,Sock Shop,payment,loss,network packet loss,3,1693230419,58,721,1693230059,1693230779,12.0,360,361,False,0,False,0,False
re1ss_payment_loss_4,RE1-SS,RE1,ss,Sock Shop,payment,loss,network packet loss,4,1693216997,58,721,1693216637,1693217357,12.0,360,361,False,0,False,0,False
re1ss_payment_loss_5,RE1-SS,RE1,ss,Sock Shop,payment,loss,network packet loss,5,1693217771,58,721,1693217411,1693218131,12.0,360,361,False,0,False,0,False
re1ss_payment_mem_1,RE1-SS,RE1,ss,Sock Shop,payment,mem,memory stress,1,1693237641,60,721,1693237281,1693238001,12.0,360,361,False,0,False,0,False
re1ss_payment_mem_2,RE1-SS,RE1,ss,Sock Shop,payment,mem,memory stress,2,1693144273,59,721,1693143913,1693144633,12.0,360,361,False,0,False,0,False
re1ss_payment_mem_3,RE1-SS,RE1,ss,Sock Shop,payment,mem,memory stress,3,1693145042,60,721,1693144682,1693145402,12.0,360,361,False,0,False,0,False
re1ss_payment_mem_4,RE1-SS,RE1,ss,Sock Shop,payment,mem,memory stress,4,1693146166,59,721,1693145806,1693146526,12.0,360,361,False,0,False,0,False
re1ss_payment_mem_5,RE1-SS,RE1,ss,Sock Shop,payment,mem,memory stress,5,1693146938,59,721,1693146578,1693147298,12.0,360,361,False,0,False,0,False
re1ss_user_cpu_1,RE1-SS,RE1,ss,Sock Shop,user,cpu,CPU stress,1,1693203092,59,721,1693202732,1693203452,12.0,360,361,False,0,False,0,False
re1ss_user_cpu_2,RE1-SS,RE1,ss,Sock Shop,user,cpu,CPU stress,2,1693151877,59,721,1693151517,1693152237,12.0,360,361,False,0,False,0,False
re1ss_user_cpu_3,RE1-SS,RE1,ss,Sock Shop,user,cpu,CPU stress,3,1693152648,59,721,1693152288,1693153008,12.0,360,361,False,0,False,0,False
re1ss_user_cpu_4,RE1-SS,RE1,ss,Sock Shop,user,cpu,CPU stress,4,1693203865,59,721,1693203505,1693204225,12.0,360,361,False,0,False,0,False
re1ss_user_cpu_5,RE1-SS,RE1,ss,Sock Shop,user,cpu,CPU stress,5,1693204988,60,721,1693204628,1693205348,12.0,360,361,False,0,False,0,False
re1ss_user_delay_1,RE1-SS,RE1,ss,Sock Shop,user,delay,network delay,1,1693084552,59,721,1693084192,1693084912,12.0,360,361,False,0,False,0,False
re1ss_user_delay_2,RE1-SS,RE1,ss,Sock Shop,user,delay,network delay,2,1693155676,58,721,1693155316,1693156036,12.0,360,361,False,0,False,0,False
re1ss_user_delay_3,RE1-SS,RE1,ss,Sock Shop,user,delay,network delay,3,1693156446,58,721,1693156086,1693156806,12.0,360,361,False,0,False,0,False
re1ss_user_delay_4,RE1-SS,RE1,ss,Sock Shop,user,delay,network delay,4,1693157582,59,721,1693157222,1693157942,12.0,360,361,False,0,False,0,False
re1ss_user_delay_5,RE1-SS,RE1,ss,Sock Shop,user,delay,network delay,5,1693158353,59,721,1693157993,1693158713,12.0,360,361,False,0,False,0,False
re1ss_user_disk_1,RE1-SS,RE1,ss,Sock Shop,user,disk,disk I/O stress,1,1702381073,60,721,1702380713,1702381433,12.0,360,361,False,0,False,0,False
re1ss_user_disk_2,RE1-SS,RE1,ss,Sock Shop,user,disk,disk I/O stress,2,1702381868,60,721,1702381508,1702382228,12.0,360,361,False,0,False,0,False
re1ss_user_disk_3,RE1-SS,RE1,ss,Sock Shop,user,disk,disk I/O stress,3,1702382657,60,721,1702382297,1702383017,12.0,360,361,False,0,False,0,False
re1ss_user_disk_4,RE1-SS,RE1,ss,Sock Shop,user,disk,disk I/O stress,4,1702383441,60,721,1702383081,1702383801,12.0,360,361,False,0,False,0,False
re1ss_user_disk_5,RE1-SS,RE1,ss,Sock Shop,user,disk,disk I/O stress,5,1702384224,60,721,1702383864,1702384584,12.0,360,361,False,0,False,0,False
re1ss_user_loss_1,RE1-SS,RE1,ss,Sock Shop,user,loss,network packet loss,1,1693220991,60,721,1693220631,1693221351,12.0,360,361,False,0,False,0,False
re1ss_user_loss_2,RE1-SS,RE1,ss,Sock Shop,user,loss,network packet loss,2,1693162498,58,721,1693162138,1693162858,12.0,360,361,False,0,False,0,False
re1ss_user_loss_3,RE1-SS,RE1,ss,Sock Shop,user,loss,network packet loss,3,1693254468,59,721,1693254108,1693254828,12.0,360,361,False,0,False,0,False
re1ss_user_loss_4,RE1-SS,RE1,ss,Sock Shop,user,loss,network packet loss,4,1693164412,60,721,1693164052,1693164772,12.0,360,361,False,0,False,0,False
re1ss_user_loss_5,RE1-SS,RE1,ss,Sock Shop,user,loss,network packet loss,5,1693221764,60,721,1693221404,1693222124,12.0,360,361,False,0,False,0,False
re1ss_user_mem_1,RE1-SS,RE1,ss,Sock Shop,user,mem,memory stress,1,1693085687,60,607,1693085327,1693085933,10.1,360,247,False,0,False,0,False
re1ss_user_mem_2,RE1-SS,RE1,ss,Sock Shop,user,mem,memory stress,2,1693205758,60,721,1693205398,1693206118,12.0,360,361,False,0,False,0,False
re1ss_user_mem_3,RE1-SS,RE1,ss,Sock Shop,user,mem,memory stress,3,1693252926,59,721,1693252566,1693253286,12.0,360,361,False,0,False,0,False
re1ss_user_mem_4,RE1-SS,RE1,ss,Sock Shop,user,mem,memory stress,4,1693253697,59,721,1693253337,1693254057,12.0,360,361,False,0,False,0,False
re1ss_user_mem_5,RE1-SS,RE1,ss,Sock Shop,user,mem,memory stress,5,1693161358,60,721,1693160998,1693161718,12.0,360,361,False,0,False,0,False
re1tt_ts-auth-service_cpu_1,RE1-TT,RE1,tt,Train Ticket,ts-auth-service,cpu,CPU stress,1,1693187418,220,961,1693186938,1693187898,16.0,480,481,False,0,False,0,False
re1tt_ts-auth-service_cpu_2,RE1-TT,RE1,tt,Train Ticket,ts-auth-service,cpu,CPU stress,2,1693224546,218,961,1693224066,1693225026,16.0,480,481,False,0,False,0,False
re1tt_ts-auth-service_cpu_3,RE1-TT,RE1,tt,Train Ticket,ts-auth-service,cpu,CPU stress,3,1693249569,217,961,1693249089,1693250049,16.0,480,481,False,0,False,0,False
re1tt_ts-auth-service_cpu_4,RE1-TT,RE1,tt,Train Ticket,ts-auth-service,cpu,CPU stress,4,1693276559,200,961,1693276079,1693277039,16.0,480,481,False,0,False,0,False
re1tt_ts-auth-service_cpu_5,RE1-TT,RE1,tt,Train Ticket,ts-auth-service,cpu,CPU stress,5,1693301441,199,961,1693300961,1693301921,16.0,480,481,False,0,False,0,False
re1tt_ts-auth-service_delay_1,RE1-TT,RE1,tt,Train Ticket,ts-auth-service,delay,network delay,1,1693188600,220,961,1693188120,1693189080,16.0,480,481,False,0,False,0,False
re1tt_ts-auth-service_delay_2,RE1-TT,RE1,tt,Train Ticket,ts-auth-service,delay,network delay,2,1693258609,218,961,1693258129,1693259089,16.0,480,481,False,0,False,0,False
re1tt_ts-auth-service_delay_3,RE1-TT,RE1,tt,Train Ticket,ts-auth-service,delay,network delay,3,1693250786,217,961,1693250306,1693251266,16.0,480,481,False,0,False,0,False
re1tt_ts-auth-service_delay_4,RE1-TT,RE1,tt,Train Ticket,ts-auth-service,delay,network delay,4,1693277764,201,961,1693277284,1693278244,16.0,480,481,False,0,False,0,False
re1tt_ts-auth-service_delay_5,RE1-TT,RE1,tt,Train Ticket,ts-auth-service,delay,network delay,5,1693302638,199,961,1693302158,1693303118,16.0,480,481,False,0,False,0,False
re1tt_ts-auth-service_disk_1,RE1-TT,RE1,tt,Train Ticket,ts-auth-service,disk,disk I/O stress,1,1702385143,228,721,1702384783,1702385503,12.0,360,361,False,0,False,0,False
re1tt_ts-auth-service_disk_2,RE1-TT,RE1,tt,Train Ticket,ts-auth-service,disk,disk I/O stress,2,1702386107,228,721,1702385747,1702386467,12.0,360,361,False,0,False,0,False
re1tt_ts-auth-service_disk_3,RE1-TT,RE1,tt,Train Ticket,ts-auth-service,disk,disk I/O stress,3,1702387087,228,721,1702386727,1702387447,12.0,360,361,False,0,False,0,False
re1tt_ts-auth-service_disk_4,RE1-TT,RE1,tt,Train Ticket,ts-auth-service,disk,disk I/O stress,4,1702388055,228,721,1702387695,1702388415,12.0,360,361,False,0,False,0,False
re1tt_ts-auth-service_disk_5,RE1-TT,RE1,tt,Train Ticket,ts-auth-service,disk,disk I/O stress,5,1702389049,231,721,1702388689,1702389409,12.0,360,361,False,0,False,0,False
re1tt_ts-auth-service_loss_1,RE1-TT,RE1,tt,Train Ticket,ts-auth-service,loss,network packet loss,1,1693190986,225,961,1693190506,1693191466,16.0,480,481,False,0,False,0,False
re1tt_ts-auth-service_loss_2,RE1-TT,RE1,tt,Train Ticket,ts-auth-service,loss,network packet loss,2,1693228865,216,961,1693228385,1693229345,16.0,480,481,False,0,False,0,False
re1tt_ts-auth-service_loss_3,RE1-TT,RE1,tt,Train Ticket,ts-auth-service,loss,network packet loss,3,1693253642,215,961,1693253162,1693254122,16.0,480,481,False,0,False,0,False
re1tt_ts-auth-service_loss_4,RE1-TT,RE1,tt,Train Ticket,ts-auth-service,loss,network packet loss,4,1693280226,201,961,1693279746,1693280706,16.0,480,481,False,0,False,0,False
re1tt_ts-auth-service_loss_5,RE1-TT,RE1,tt,Train Ticket,ts-auth-service,loss,network packet loss,5,1693305073,200,961,1693304593,1693305553,16.0,480,481,False,0,False,0,False
re1tt_ts-auth-service_mem_1,RE1-TT,RE1,tt,Train Ticket,ts-auth-service,mem,memory stress,1,1693189794,222,961,1693189314,1693190274,16.0,480,481,False,0,False,0,False
re1tt_ts-auth-service_mem_2,RE1-TT,RE1,tt,Train Ticket,ts-auth-service,mem,memory stress,2,1693335756,199,961,1693335276,1693336236,16.0,480,481,False,0,False,0,False
re1tt_ts-auth-service_mem_3,RE1-TT,RE1,tt,Train Ticket,ts-auth-service,mem,memory stress,3,1693251996,218,961,1693251516,1693252476,16.0,480,481,False,0,False,0,False
re1tt_ts-auth-service_mem_4,RE1-TT,RE1,tt,Train Ticket,ts-auth-service,mem,memory stress,4,1693346524,199,961,1693346044,1693347004,16.0,480,481,False,0,False,0,False
re1tt_ts-auth-service_mem_5,RE1-TT,RE1,tt,Train Ticket,ts-auth-service,mem,memory stress,5,1693350515,198,961,1693350035,1693350995,16.0,480,481,False,0,False,0,False
re1tt_ts-order-service_cpu_1,RE1-TT,RE1,tt,Train Ticket,ts-order-service,cpu,CPU stress,1,1693207365,219,961,1693206885,1693207845,16.0,480,481,False,0,False,0,False
re1tt_ts-order-service_cpu_2,RE1-TT,RE1,tt,Train Ticket,ts-order-service,cpu,CPU stress,2,1693244807,215,961,1693244327,1693245287,16.0,480,481,False,0,False,0,False
re1tt_ts-order-service_cpu_3,RE1-TT,RE1,tt,Train Ticket,ts-order-service,cpu,CPU stress,3,1693271487,201,961,1693271007,1693271967,16.0,480,481,False,0,False,0,False
re1tt_ts-order-service_cpu_4,RE1-TT,RE1,tt,Train Ticket,ts-order-service,cpu,CPU stress,4,1693296215,200,961,1693295735,1693296695,16.0,480,481,False,0,False,0,False
re1tt_ts-order-service_cpu_5,RE1-TT,RE1,tt,Train Ticket,ts-order-service,cpu,CPU stress,5,1693320905,201,961,1693320425,1693321385,16.0,480,481,False,0,False,0,False
re1tt_ts-order-service_delay_1,RE1-TT,RE1,tt,Train Ticket,ts-order-service,delay,network delay,1,1693208604,219,961,1693208124,1693209084,16.0,480,481,False,0,False,0,False
re1tt_ts-order-service_delay_2,RE1-TT,RE1,tt,Train Ticket,ts-order-service,delay,network delay,2,1693246021,215,961,1693245541,1693246501,16.0,480,481,False,0,False,0,False
re1tt_ts-order-service_delay_3,RE1-TT,RE1,tt,Train Ticket,ts-order-service,delay,network delay,3,1693272698,201,961,1693272218,1693273178,16.0,480,481,False,0,False,0,False
re1tt_ts-order-service_delay_4,RE1-TT,RE1,tt,Train Ticket,ts-order-service,delay,network delay,4,1693297416,200,961,1693296936,1693297896,16.0,480,481,False,0,False,0,False
re1tt_ts-order-service_delay_5,RE1-TT,RE1,tt,Train Ticket,ts-order-service,delay,network delay,5,1693322106,201,961,1693321626,1693322586,16.0,480,481,False,0,False,0,False
re1tt_ts-order-service_disk_1,RE1-TT,RE1,tt,Train Ticket,ts-order-service,disk,disk I/O stress,1,1702390019,232,721,1702389659,1702390379,12.0,360,361,False,0,False,0,False
re1tt_ts-order-service_disk_2,RE1-TT,RE1,tt,Train Ticket,ts-order-service,disk,disk I/O stress,2,1702391030,233,721,1702390670,1702391390,12.0,360,361,False,0,False,0,False
re1tt_ts-order-service_disk_3,RE1-TT,RE1,tt,Train Ticket,ts-order-service,disk,disk I/O stress,3,1702391992,236,721,1702391632,1702392352,12.0,360,361,False,0,False,0,False
re1tt_ts-order-service_disk_4,RE1-TT,RE1,tt,Train Ticket,ts-order-service,disk,disk I/O stress,4,1702393007,236,721,1702392647,1702393367,12.0,360,361,False,0,False,0,False
re1tt_ts-order-service_disk_5,RE1-TT,RE1,tt,Train Ticket,ts-order-service,disk,disk I/O stress,5,1702393981,236,721,1702393621,1702394341,12.0,360,361,False,0,False,0,False
re1tt_ts-order-service_loss_1,RE1-TT,RE1,tt,Train Ticket,ts-order-service,loss,network packet loss,1,1693210567,223,961,1693210087,1693211047,16.0,480,481,False,0,False,0,False
re1tt_ts-order-service_loss_2,RE1-TT,RE1,tt,Train Ticket,ts-order-service,loss,network packet loss,2,1693248352,217,961,1693247872,1693248832,16.0,480,481,False,0,False,0,False
re1tt_ts-order-service_loss_3,RE1-TT,RE1,tt,Train Ticket,ts-order-service,loss,network packet loss,3,1693275356,200,961,1693274876,1693275836,16.0,480,481,False,0,False,0,False
re1tt_ts-order-service_loss_4,RE1-TT,RE1,tt,Train Ticket,ts-order-service,loss,network packet loss,4,1693300241,199,961,1693299761,1693300721,16.0,480,481,False,0,False,0,False
re1tt_ts-order-service_loss_5,RE1-TT,RE1,tt,Train Ticket,ts-order-service,loss,network packet loss,5,1693324928,200,961,1693324448,1693325408,16.0,480,481,False,0,False,0,False
re1tt_ts-order-service_mem_1,RE1-TT,RE1,tt,Train Ticket,ts-order-service,mem,memory stress,1,1693334559,199,961,1693334079,1693335039,16.0,480,481,False,0,False,0,False
re1tt_ts-order-service_mem_2,RE1-TT,RE1,tt,Train Ticket,ts-order-service,mem,memory stress,2,1693342975,199,961,1693342495,1693343455,16.0,480,481,False,0,False,0,False
re1tt_ts-order-service_mem_3,RE1-TT,RE1,tt,Train Ticket,ts-order-service,mem,memory stress,3,1693274337,200,848,1693273857,1693274704,14.1,480,368,False,0,False,0,False
re1tt_ts-order-service_mem_4,RE1-TT,RE1,tt,Train Ticket,ts-order-service,mem,memory stress,4,1693299035,198,961,1693298555,1693299515,16.0,480,481,False,0,False,0,False
re1tt_ts-order-service_mem_5,RE1-TT,RE1,tt,Train Ticket,ts-order-service,mem,memory stress,5,1693323725,199,961,1693323245,1693324205,16.0,480,481,False,0,False,0,False
re1tt_ts-route-service_cpu_1,RE1-TT,RE1,tt,Train Ticket,ts-route-service,cpu,CPU stress,1,1693192598,220,961,1693192118,1693193078,16.0,480,481,False,0,False,0,False
re1tt_ts-route-service_cpu_2,RE1-TT,RE1,tt,Train Ticket,ts-route-service,cpu,CPU stress,2,1693230051,216,961,1693229571,1693230531,16.0,480,481,False,0,False,0,False
re1tt_ts-route-service_cpu_3,RE1-TT,RE1,tt,Train Ticket,ts-route-service,cpu,CPU stress,3,1693254864,215,961,1693254384,1693255344,16.0,480,481,False,0,False,0,False
re1tt_ts-route-service_cpu_4,RE1-TT,RE1,tt,Train Ticket,ts-route-service,cpu,CPU stress,4,1693281425,201,961,1693280945,1693281905,16.0,480,481,False,0,False,0,False
re1tt_ts-route-service_cpu_5,RE1-TT,RE1,tt,Train Ticket,ts-route-service,cpu,CPU stress,5,1693306275,200,961,1693305795,1693306755,16.0,480,481,False,0,False,0,False
re1tt_ts-route-service_delay_1,RE1-TT,RE1,tt,Train Ticket,ts-route-service,delay,network delay,1,1693193865,220,961,1693193385,1693194345,16.0,480,481,False,0,False,0,False
re1tt_ts-route-service_delay_2,RE1-TT,RE1,tt,Train Ticket,ts-route-service,delay,network delay,2,1693231236,216,961,1693230756,1693231716,16.0,480,481,False,0,False,0,False
re1tt_ts-route-service_delay_3,RE1-TT,RE1,tt,Train Ticket,ts-route-service,delay,network delay,3,1693256087,215,961,1693255607,1693256567,16.0,480,481,False,0,False,0,False
re1tt_ts-route-service_delay_4,RE1-TT,RE1,tt,Train Ticket,ts-route-service,delay,network delay,4,1693282644,204,961,1693282164,1693283124,16.0,480,481,False,0,False,0,False
re1tt_ts-route-service_delay_5,RE1-TT,RE1,tt,Train Ticket,ts-route-service,delay,network delay,5,1693307471,202,961,1693306991,1693307951,16.0,480,481,False,0,False,0,False
re1tt_ts-route-service_disk_1,RE1-TT,RE1,tt,Train Ticket,ts-route-service,disk,disk I/O stress,1,1702382226,221,721,1702381866,1702382586,12.0,360,361,False,0,False,0,False
re1tt_ts-route-service_disk_2,RE1-TT,RE1,tt,Train Ticket,ts-route-service,disk,disk I/O stress,2,1702395003,238,721,1702394643,1702395363,12.0,360,361,False,0,False,0,False
re1tt_ts-route-service_disk_3,RE1-TT,RE1,tt,Train Ticket,ts-route-service,disk,disk I/O stress,3,1702395993,238,721,1702395633,1702396353,12.0,360,361,False,0,False,0,False
re1tt_ts-route-service_disk_4,RE1-TT,RE1,tt,Train Ticket,ts-route-service,disk,disk I/O stress,4,1702397014,238,721,1702396654,1702397374,12.0,360,361,False,0,False,0,False
re1tt_ts-route-service_disk_5,RE1-TT,RE1,tt,Train Ticket,ts-route-service,disk,disk I/O stress,5,1702397991,238,721,1702397631,1702398351,12.0,360,361,False,0,False,0,False
re1tt_ts-route-service_loss_1,RE1-TT,RE1,tt,Train Ticket,ts-route-service,loss,network packet loss,1,1693330546,200,961,1693330066,1693331026,16.0,480,481,False,0,False,0,False
re1tt_ts-route-service_loss_2,RE1-TT,RE1,tt,Train Ticket,ts-route-service,loss,network packet loss,2,1693233614,221,961,1693233134,1693234094,16.0,480,481,False,0,False,0,False
re1tt_ts-route-service_loss_3,RE1-TT,RE1,tt,Train Ticket,ts-route-service,loss,network packet loss,3,1693259831,218,961,1693259351,1693260311,16.0,480,481,False,0,False,0,False
re1tt_ts-route-service_loss_4,RE1-TT,RE1,tt,Train Ticket,ts-route-service,loss,network packet loss,4,1693284993,202,961,1693284513,1693285473,16.0,480,481,False,0,False,0,False
re1tt_ts-route-service_loss_5,RE1-TT,RE1,tt,Train Ticket,ts-route-service,loss,network packet loss,5,1693309791,203,961,1693309311,1693310271,16.0,480,481,False,0,False,0,False
re1tt_ts-route-service_mem_1,RE1-TT,RE1,tt,Train Ticket,ts-route-service,mem,memory stress,1,1693329352,200,961,1693328872,1693329832,16.0,480,481,False,0,False,0,False
re1tt_ts-route-service_mem_2,RE1-TT,RE1,tt,Train Ticket,ts-route-service,mem,memory stress,2,1693337820,198,961,1693337340,1693338300,16.0,480,481,False,0,False,0,False
re1tt_ts-route-service_mem_3,RE1-TT,RE1,tt,Train Ticket,ts-route-service,mem,memory stress,3,1693344158,199,961,1693343678,1693344638,16.0,480,481,False,0,False,0,False
re1tt_ts-route-service_mem_4,RE1-TT,RE1,tt,Train Ticket,ts-route-service,mem,memory stress,4,1693348147,198,961,1693347667,1693348627,16.0,480,481,False,0,False,0,False
re1tt_ts-route-service_mem_5,RE1-TT,RE1,tt,Train Ticket,ts-route-service,mem,memory stress,5,1693351700,199,961,1693351220,1693352180,16.0,480,481,False,0,False,0,False
re1tt_ts-train-service_cpu_1,RE1-TT,RE1,tt,Train Ticket,ts-train-service,cpu,CPU stress,1,1693197647,222,961,1693197167,1693198127,16.0,480,481,False,0,False,0,False
re1tt_ts-train-service_cpu_2,RE1-TT,RE1,tt,Train Ticket,ts-train-service,cpu,CPU stress,2,1693234802,221,961,1693234322,1693235282,16.0,480,481,False,0,False,0,False
re1tt_ts-train-service_cpu_3,RE1-TT,RE1,tt,Train Ticket,ts-train-service,cpu,CPU stress,3,1693261071,218,961,1693260591,1693261551,16.0,480,481,False,0,False,0,False
re1tt_ts-train-service_cpu_4,RE1-TT,RE1,tt,Train Ticket,ts-train-service,cpu,CPU stress,4,1693286203,202,961,1693285723,1693286683,16.0,480,481,False,0,False,0,False
re1tt_ts-train-service_cpu_5,RE1-TT,RE1,tt,Train Ticket,ts-train-service,cpu,CPU stress,5,1693310996,203,961,1693310516,1693311476,16.0,480,481,False,0,False,0,False
re1tt_ts-train-service_delay_1,RE1-TT,RE1,tt,Train Ticket,ts-train-service,delay,network delay,1,1693198894,222,961,1693198414,1693199374,16.0,480,481,False,0,False,0,False
re1tt_ts-train-service_delay_2,RE1-TT,RE1,tt,Train Ticket,ts-train-service,delay,network delay,2,1693235989,221,961,1693235509,1693236469,16.0,480,481,False,0,False,0,False
re1tt_ts-train-service_delay_3,RE1-TT,RE1,tt,Train Ticket,ts-train-service,delay,network delay,3,1693262326,220,961,1693261846,1693262806,16.0,480,481,False,0,False,0,False
re1tt_ts-train-service_delay_4,RE1-TT,RE1,tt,Train Ticket,ts-train-service,delay,network delay,4,1693287424,204,961,1693286944,1693287904,16.0,480,481,False,0,False,0,False
re1tt_ts-train-service_delay_5,RE1-TT,RE1,tt,Train Ticket,ts-train-service,delay,network delay,5,1693312203,204,961,1693311723,1693312683,16.0,480,481,False,0,False,0,False
re1tt_ts-train-service_disk_1,RE1-TT,RE1,tt,Train Ticket,ts-train-service,disk,disk I/O stress,1,1702383178,224,721,1702382818,1702383538,12.0,360,361,False,0,False,0,False
re1tt_ts-train-service_disk_2,RE1-TT,RE1,tt,Train Ticket,ts-train-service,disk,disk I/O stress,2,1702399003,238,721,1702398643,1702399363,12.0,360,361,False,0,False,0,False
re1tt_ts-train-service_disk_3,RE1-TT,RE1,tt,Train Ticket,ts-train-service,disk,disk I/O stress,3,1702399981,238,721,1702399621,1702400341,12.0,360,361,False,0,False,0,False
re1tt_ts-train-service_disk_4,RE1-TT,RE1,tt,Train Ticket,ts-train-service,disk,disk I/O stress,4,1702400985,238,721,1702400625,1702401345,12.0,360,361,False,0,False,0,False
re1tt_ts-train-service_disk_5,RE1-TT,RE1,tt,Train Ticket,ts-train-service,disk,disk I/O stress,5,1702401957,238,721,1702401597,1702402317,12.0,360,361,False,0,False,0,False
re1tt_ts-train-service_loss_1,RE1-TT,RE1,tt,Train Ticket,ts-train-service,loss,network packet loss,1,1693331741,202,961,1693331261,1693332221,16.0,480,481,False,0,False,0,False
re1tt_ts-train-service_loss_2,RE1-TT,RE1,tt,Train Ticket,ts-train-service,loss,network packet loss,2,1693238896,221,961,1693238416,1693239376,16.0,480,481,False,0,False,0,False
re1tt_ts-train-service_loss_3,RE1-TT,RE1,tt,Train Ticket,ts-train-service,loss,network packet loss,3,1693265327,218,961,1693264847,1693265807,16.0,480,481,False,0,False,0,False
re1tt_ts-train-service_loss_4,RE1-TT,RE1,tt,Train Ticket,ts-train-service,loss,network packet loss,4,1693290283,198,961,1693289803,1693290763,16.0,480,481,False,0,False,0,False
re1tt_ts-train-service_loss_5,RE1-TT,RE1,tt,Train Ticket,ts-train-service,loss,network packet loss,5,1693315021,198,961,1693314541,1693315501,16.0,480,481,False,0,False,0,False
re1tt_ts-train-service_mem_1,RE1-TT,RE1,tt,Train Ticket,ts-train-service,mem,memory stress,1,1693218967,220,961,1693218487,1693219447,16.0,480,481,False,0,False,0,False
re1tt_ts-train-service_mem_2,RE1-TT,RE1,tt,Train Ticket,ts-train-service,mem,memory stress,2,1693237224,226,961,1693236744,1693237704,16.0,480,481,False,0,False,0,False
re1tt_ts-train-service_mem_3,RE1-TT,RE1,tt,Train Ticket,ts-train-service,mem,memory stress,3,1693264015,218,961,1693263535,1693264495,16.0,480,481,False,0,False,0,False
re1tt_ts-train-service_mem_4,RE1-TT,RE1,tt,Train Ticket,ts-train-service,mem,memory stress,4,1693289066,198,961,1693288586,1693289546,16.0,480,481,False,0,False,0,False
re1tt_ts-train-service_mem_5,RE1-TT,RE1,tt,Train Ticket,ts-train-service,mem,memory stress,5,1693313826,198,961,1693313346,1693314306,16.0,480,481,False,0,False,0,False
re1tt_ts-travel-service_cpu_1,RE1-TT,RE1,tt,Train Ticket,ts-travel-service,cpu,CPU stress,1,1693221749,221,961,1693221269,1693222229,16.0,480,481,False,0,False,0,False
re1tt_ts-travel-service_cpu_2,RE1-TT,RE1,tt,Train Ticket,ts-travel-service,cpu,CPU stress,2,1693240079,221,961,1693239599,1693240559,16.0,480,481,False,0,False,0,False
re1tt_ts-travel-service_cpu_3,RE1-TT,RE1,tt,Train Ticket,ts-travel-service,cpu,CPU stress,3,1693266595,218,961,1693266115,1693267075,16.0,480,481,False,0,False,0,False
re1tt_ts-travel-service_cpu_4,RE1-TT,RE1,tt,Train Ticket,ts-travel-service,cpu,CPU stress,4,1693291482,198,961,1693291002,1693291962,16.0,480,481,False,0,False,0,False
re1tt_ts-travel-service_cpu_5,RE1-TT,RE1,tt,Train Ticket,ts-travel-service,cpu,CPU stress,5,1693316211,198,961,1693315731,1693316691,16.0,480,481,False,0,False,0,False
re1tt_ts-travel-service_delay_1,RE1-TT,RE1,tt,Train Ticket,ts-travel-service,delay,network delay,1,1693203716,220,961,1693203236,1693204196,16.0,480,481,False,0,False,0,False
re1tt_ts-travel-service_delay_2,RE1-TT,RE1,tt,Train Ticket,ts-travel-service,delay,network delay,2,1693339002,198,961,1693338522,1693339482,16.0,480,481,False,0,False,0,False
re1tt_ts-travel-service_delay_3,RE1-TT,RE1,tt,Train Ticket,ts-travel-service,delay,network delay,3,1693267872,220,961,1693267392,1693268352,16.0,480,481,False,0,False,0,False
re1tt_ts-travel-service_delay_4,RE1-TT,RE1,tt,Train Ticket,ts-travel-service,delay,network delay,4,1693292683,200,961,1693292203,1693293163,16.0,480,481,False,0,False,0,False
re1tt_ts-travel-service_delay_5,RE1-TT,RE1,tt,Train Ticket,ts-travel-service,delay,network delay,5,1693317400,200,961,1693316920,1693317880,16.0,480,481,False,0,False,0,False
re1tt_ts-travel-service_disk_1,RE1-TT,RE1,tt,Train Ticket,ts-travel-service,disk,disk I/O stress,1,1702384129,226,721,1702383769,1702384489,12.0,360,361,False,0,False,0,False
re1tt_ts-travel-service_disk_2,RE1-TT,RE1,tt,Train Ticket,ts-travel-service,disk,disk I/O stress,2,1702402965,238,721,1702402605,1702403325,12.0,360,361,False,0,False,0,False
re1tt_ts-travel-service_disk_3,RE1-TT,RE1,tt,Train Ticket,ts-travel-service,disk,disk I/O stress,3,1702403940,238,721,1702403580,1702404300,12.0,360,361,False,0,False,0,False
re1tt_ts-travel-service_disk_4,RE1-TT,RE1,tt,Train Ticket,ts-travel-service,disk,disk I/O stress,4,1702404946,238,721,1702404586,1702405306,12.0,360,361,False,0,False,0,False
re1tt_ts-travel-service_disk_5,RE1-TT,RE1,tt,Train Ticket,ts-travel-service,disk,disk I/O stress,5,1702405930,238,721,1702405570,1702406290,12.0,360,361,False,0,False,0,False
re1tt_ts-travel-service_loss_1,RE1-TT,RE1,tt,Train Ticket,ts-travel-service,loss,network packet loss,1,1693205685,227,961,1693205205,1693206165,16.0,480,481,False,0,False,0,False
re1tt_ts-travel-service_loss_2,RE1-TT,RE1,tt,Train Ticket,ts-travel-service,loss,network packet loss,2,1693341367,198,961,1693340887,1693341847,16.0,480,481,False,0,False,0,False
re1tt_ts-travel-service_loss_3,RE1-TT,RE1,tt,Train Ticket,ts-travel-service,loss,network packet loss,3,1693270276,201,961,1693269796,1693270756,16.0,480,481,False,0,False,0,False
re1tt_ts-travel-service_loss_4,RE1-TT,RE1,tt,Train Ticket,ts-travel-service,loss,network packet loss,4,1693295020,200,961,1693294540,1693295500,16.0,480,481,False,0,False,0,False
re1tt_ts-travel-service_loss_5,RE1-TT,RE1,tt,Train Ticket,ts-travel-service,loss,network packet loss,5,1693319708,201,961,1693319228,1693320188,16.0,480,481,False,0,False,0,False
re1tt_ts-travel-service_mem_1,RE1-TT,RE1,tt,Train Ticket,ts-travel-service,mem,memory stress,1,1693361938,223,961,1693361458,1693362418,16.0,480,481,False,0,False,0,False
re1tt_ts-travel-service_mem_2,RE1-TT,RE1,tt,Train Ticket,ts-travel-service,mem,memory stress,2,1693340186,198,961,1693339706,1693340666,16.0,480,481,False,0,False,0,False
re1tt_ts-travel-service_mem_3,RE1-TT,RE1,tt,Train Ticket,ts-travel-service,mem,memory stress,3,1693345342,199,961,1693344862,1693345822,16.0,480,481,False,0,False,0,False
re1tt_ts-travel-service_mem_4,RE1-TT,RE1,tt,Train Ticket,ts-travel-service,mem,memory stress,4,1693349332,198,961,1693348852,1693349812,16.0,480,481,False,0,False,0,False
re1tt_ts-travel-service_mem_5,RE1-TT,RE1,tt,Train Ticket,ts-travel-service,mem,memory stress,5,1693363187,223,961,1693362707,1693363667,16.0,480,481,False,0,False,0,False
re2ob_checkoutservice_cpu_1,RE2-OB,RE2,ob,Online Boutique,checkoutservice,cpu,CPU stress,1,1705354566,72,1441,1705353846,1705355286,24.0,720,721,True,171322,True,391997,False
re2ob_checkoutservice_cpu_2,RE2-OB,RE2,ob,Online Boutique,checkoutservice,cpu,CPU stress,2,1708475361,74,930,1708474641,1708475570,15.5,720,210,True,110067,True,199960,False
re2ob_checkoutservice_cpu_3,RE2-OB,RE2,ob,Online Boutique,checkoutservice,cpu,CPU stress,3,1705623539,74,1441,1705622819,1705624259,24.0,720,721,True,178461,True,408211,False
re2ob_checkoutservice_delay_1,RE2-OB,RE2,ob,Online Boutique,checkoutservice,delay,network delay,1,1705666511,75,1441,1705665791,1705667231,24.0,720,721,True,177868,True,405229,False
re2ob_checkoutservice_delay_2,RE2-OB,RE2,ob,Online Boutique,checkoutservice,delay,network delay,2,1705668921,75,1441,1705668201,1705669641,24.0,720,721,True,175563,True,402454,False
re2ob_checkoutservice_delay_3,RE2-OB,RE2,ob,Online Boutique,checkoutservice,delay,network delay,3,1705671342,75,1441,1705670622,1705672062,24.0,720,721,True,177282,True,404907,False
re2ob_checkoutservice_disk_1,RE2-OB,RE2,ob,Online Boutique,checkoutservice,disk,disk I/O stress,1,1705373910,74,1441,1705373190,1705374630,24.0,720,721,True,171176,True,391053,False
re2ob_checkoutservice_disk_2,RE2-OB,RE2,ob,Online Boutique,checkoutservice,disk,disk I/O stress,2,1705765528,69,1441,1705764808,1705766248,24.0,720,721,True,179481,True,407608,False
re2ob_checkoutservice_disk_3,RE2-OB,RE2,ob,Online Boutique,checkoutservice,disk,disk I/O stress,3,1705767825,70,1441,1705767105,1705768545,24.0,720,721,True,179376,True,410342,False
re2ob_checkoutservice_loss_1,RE2-OB,RE2,ob,Online Boutique,checkoutservice,loss,network packet loss,1,1705376266,74,1441,1705375546,1705376986,24.0,720,721,True,168467,True,385793,False
re2ob_checkoutservice_loss_2,RE2-OB,RE2,ob,Online Boutique,checkoutservice,loss,network packet loss,2,1705673762,75,1441,1705673042,1705674482,24.0,720,721,True,177193,True,406092,False
re2ob_checkoutservice_loss_3,RE2-OB,RE2,ob,Online Boutique,checkoutservice,loss,network packet loss,3,1708489141,73,1441,1708488421,1708489861,24.0,720,721,True,177015,True,402659,False
re2ob_checkoutservice_mem_1,RE2-OB,RE2,ob,Online Boutique,checkoutservice,mem,memory stress,1,1705462070,70,1441,1705461350,1705462790,24.0,720,721,True,178020,True,405917,False
re2ob_checkoutservice_mem_2,RE2-OB,RE2,ob,Online Boutique,checkoutservice,mem,memory stress,2,1705626077,75,1004,1705625357,1705626360,16.7,720,284,True,122905,True,327148,False
re2ob_checkoutservice_mem_3,RE2-OB,RE2,ob,Online Boutique,checkoutservice,mem,memory stress,3,1705627856,75,1441,1705627136,1705628576,24.0,720,721,True,178797,True,408171,False
re2ob_checkoutservice_socket_1,RE2-OB,RE2,ob,Online Boutique,checkoutservice,socket,socket exhaustion,1,1705656313,77,1441,1705655593,1705657033,24.0,720,721,True,177376,True,404289,False
re2ob_checkoutservice_socket_2,RE2-OB,RE2,ob,Online Boutique,checkoutservice,socket,socket exhaustion,2,1705660355,75,1441,1705659635,1705661075,24.0,720,721,True,176899,True,404599,False
re2ob_checkoutservice_socket_3,RE2-OB,RE2,ob,Online Boutique,checkoutservice,socket,socket exhaustion,3,1705664091,75,1441,1705663371,1705664811,24.0,720,721,True,179060,True,408384,False
re2ob_currencyservice_cpu_1,RE2-OB,RE2,ob,Online Boutique,currencyservice,cpu,CPU stress,1,1705682817,75,1441,1705682097,1705683537,24.0,720,721,True,175589,True,401542,False
re2ob_currencyservice_cpu_2,RE2-OB,RE2,ob,Online Boutique,currencyservice,cpu,CPU stress,2,1705685216,75,1441,1705684496,1705685936,24.0,720,721,True,175593,True,401017,False
re2ob_currencyservice_cpu_3,RE2-OB,RE2,ob,Online Boutique,currencyservice,cpu,CPU stress,3,1705687618,75,1441,1705686898,1705688338,24.0,720,721,True,176460,True,403800,False
re2ob_currencyservice_delay_1,RE2-OB,RE2,ob,Online Boutique,currencyservice,delay,network delay,1,1705702012,76,1441,1705701292,1705702732,24.0,720,721,True,161224,True,383583,False
re2ob_currencyservice_delay_2,RE2-OB,RE2,ob,Online Boutique,currencyservice,delay,network delay,2,1705704343,76,1441,1705703623,1705705063,24.0,720,721,True,115001,True,385915,False
re2ob_currencyservice_delay_3,RE2-OB,RE2,ob,Online Boutique,currencyservice,delay,network delay,3,1705706604,76,1441,1705705884,1705707324,24.0,720,721,True,113758,True,379232,False
re2ob_currencyservice_disk_1,RE2-OB,RE2,ob,Online Boutique,currencyservice,disk,disk I/O stress,1,1705386669,74,1441,1705385949,1705387389,24.0,720,721,True,157693,True,361288,False
re2ob_currencyservice_disk_2,RE2-OB,RE2,ob,Online Boutique,currencyservice,disk,disk I/O stress,2,1705692434,76,1441,1705691714,1705693154,24.0,720,721,True,173181,True,396097,False
re2ob_currencyservice_disk_3,RE2-OB,RE2,ob,Online Boutique,currencyservice,disk,disk I/O stress,3,1705694833,76,1441,1705694113,1705695553,24.0,720,721,True,175844,True,403324,False
re2ob_currencyservice_loss_1,RE2-OB,RE2,ob,Online Boutique,currencyservice,loss,network packet loss,1,1705388941,74,1441,1705388221,1705389661,24.0,720,721,True,131836,True,286200,False
re2ob_currencyservice_loss_2,RE2-OB,RE2,ob,Online Boutique,currencyservice,loss,network packet loss,2,1705708871,76,1441,1705708151,1705709591,24.0,720,721,True,124718,True,365309,False
re2ob_currencyservice_loss_3,RE2-OB,RE2,ob,Online Boutique,currencyservice,loss,network packet loss,3,1705711158,75,1441,1705710438,1705711878,24.0,720,721,True,154624,True,354303,False
re2ob_currencyservice_mem_1,RE2-OB,RE2,ob,Online Boutique,currencyservice,mem,memory stress,1,1705464519,70,1441,1705463799,1705465239,24.0,720,721,True,165696,True,379084,False
re2ob_currencyservice_mem_2,RE2-OB,RE2,ob,Online Boutique,currencyservice,mem,memory stress,2,1705749889,75,1441,1705749169,1705750609,24.0,720,721,True,169354,True,387124,False
re2ob_currencyservice_mem_3,RE2-OB,RE2,ob,Online Boutique,currencyservice,mem,memory stress,3,1705690057,76,1441,1705689337,1705690777,24.0,720,721,True,168823,True,385054,False
re2ob_currencyservice_socket_1,RE2-OB,RE2,ob,Online Boutique,currencyservice,socket,socket exhaustion,1,1705479661,71,1441,1705478941,1705480381,24.0,720,721,True,178239,True,406431,False
re2ob_currencyservice_socket_2,RE2-OB,RE2,ob,Online Boutique,currencyservice,socket,socket exhaustion,2,1705697241,76,1441,1705696521,1705697961,24.0,720,721,True,174759,True,399964,False
re2ob_currencyservice_socket_3,RE2-OB,RE2,ob,Online Boutique,currencyservice,socket,socket exhaustion,3,1705699619,76,1441,1705698899,1705700339,24.0,720,721,True,174617,True,398334,False
re2ob_emailservice_cpu_1,RE2-OB,RE2,ob,Online Boutique,emailservice,cpu,CPU stress,1,1705350165,72,1441,1705349445,1705350885,24.0,720,721,True,171212,True,392420,False
re2ob_emailservice_cpu_2,RE2-OB,RE2,ob,Online Boutique,emailservice,cpu,CPU stress,2,1705592998,74,1441,1705592278,1705593718,24.0,720,721,True,179964,True,410139,False
re2ob_emailservice_cpu_3,RE2-OB,RE2,ob,Online Boutique,emailservice,cpu,CPU stress,3,1705595469,74,1441,1705594749,1705596189,24.0,720,721,True,180925,True,412741,False
re2ob_emailservice_delay_1,RE2-OB,RE2,ob,Online Boutique,emailservice,delay,network delay,1,1705733346,74,1441,1705732626,1705734066,24.0,720,721,True,178258,True,406121,False
re2ob_emailservice_delay_2,RE2-OB,RE2,ob,Online Boutique,emailservice,delay,network delay,2,1705735702,74,1441,1705734982,1705736422,24.0,720,721,True,178743,True,406019,False
re2ob_emailservice_delay_3,RE2-OB,RE2,ob,Online Boutique,emailservice,delay,network delay,3,1705738059,74,1441,1705737339,1705738779,24.0,720,721,True,178830,True,407306,False
re2ob_emailservice_disk_1,RE2-OB,RE2,ob,Online Boutique,emailservice,disk,disk I/O stress,1,1705370095,73,1441,1705369375,1705370815,24.0,720,721,True,168998,True,387034,False
re2ob_emailservice_disk_2,RE2-OB,RE2,ob,Online Boutique,emailservice,disk,disk I/O stress,2,1705602964,74,1441,1705602244,1705603684,24.0,720,721,True,180028,True,409530,False
re2ob_emailservice_disk_3,RE2-OB,RE2,ob,Online Boutique,emailservice,disk,disk I/O stress,3,1705719294,75,1441,1705718574,1705720014,24.0,720,721,True,162740,True,369748,False
re2ob_emailservice_loss_1,RE2-OB,RE2,ob,Online Boutique,emailservice,loss,network packet loss,1,1705351632,72,1441,1705350912,1705352352,24.0,720,721,True,169916,True,386467,False
re2ob_emailservice_loss_2,RE2-OB,RE2,ob,Online Boutique,emailservice,loss,network packet loss,2,1705740414,74,1441,1705739694,1705741134,24.0,720,721,True,179209,True,410063,False
re2ob_emailservice_loss_3,RE2-OB,RE2,ob,Online Boutique,emailservice,loss,network packet loss,3,1705742773,74,1441,1705742053,1705743493,24.0,720,721,True,177244,True,402931,False
re2ob_emailservice_mem_1,RE2-OB,RE2,ob,Online Boutique,emailservice,mem,memory stress,1,1705475505,71,1441,1705474785,1705476225,24.0,720,721,True,177387,True,404657,False
re2ob_emailservice_mem_2,RE2-OB,RE2,ob,Online Boutique,emailservice,mem,memory stress,2,1705597985,74,1441,1705597265,1705598705,24.0,720,721,True,178461,True,406048,False
re2ob_emailservice_mem_3,RE2-OB,RE2,ob,Online Boutique,emailservice,mem,memory stress,3,1705600502,74,1441,1705599782,1705601222,24.0,720,721,True,177171,True,395523,False
re2ob_emailservice_socket_1,RE2-OB,RE2,ob,Online Boutique,emailservice,socket,socket exhaustion,1,1705726260,74,1441,1705725540,1705726980,24.0,720,721,True,179307,True,408640,False
re2ob_emailservice_socket_2,RE2-OB,RE2,ob,Online Boutique,emailservice,socket,socket exhaustion,2,1705728625,74,1441,1705727905,1705729345,24.0,720,721,True,180421,True,410667,False
re2ob_emailservice_socket_3,RE2-OB,RE2,ob,Online Boutique,emailservice,socket,socket exhaustion,3,1705730978,74,1441,1705730258,1705731698,24.0,720,721,True,177851,True,406622,False
re2ob_productcatalogservice_cpu_1,RE2-OB,RE2,ob,Online Boutique,productcatalogservice,cpu,CPU stress,1,1705340542,71,1441,1705339822,1705341262,24.0,720,721,True,172220,True,393266,False
re2ob_productcatalogservice_cpu_2,RE2-OB,RE2,ob,Online Boutique,productcatalogservice,cpu,CPU stress,2,1705486848,70,1441,1705486128,1705487568,24.0,720,721,True,175280,True,400287,False
re2ob_productcatalogservice_cpu_3,RE2-OB,RE2,ob,Online Boutique,productcatalogservice,cpu,CPU stress,3,1705489222,70,1441,1705488502,1705489942,24.0,720,721,True,177166,True,404922,False
re2ob_productcatalogservice_delay_1,RE2-OB,RE2,ob,Online Boutique,productcatalogservice,delay,network delay,1,1705394578,71,1441,1705393858,1705395298,24.0,720,721,True,160317,True,365023,False
re2ob_productcatalogservice_delay_2,RE2-OB,RE2,ob,Online Boutique,productcatalogservice,delay,network delay,2,1705514496,72,1441,1705513776,1705515216,24.0,720,721,True,158705,True,364200,False
re2ob_productcatalogservice_delay_3,RE2-OB,RE2,ob,Online Boutique,productcatalogservice,delay,network delay,3,1705516829,73,1441,1705516109,1705517549,24.0,720,721,True,159592,True,365484,False
re2ob_productcatalogservice_disk_1,RE2-OB,RE2,ob,Online Boutique,productcatalogservice,disk,disk I/O stress,1,1705360699,73,1441,1705359979,1705361419,24.0,720,721,True,167784,True,383516,False
re2ob_productcatalogservice_disk_2,RE2-OB,RE2,ob,Online Boutique,productcatalogservice,disk,disk I/O stress,2,1705496111,72,1441,1705495391,1705496831,24.0,720,721,True,176391,True,402669,False
re2ob_productcatalogservice_disk_3,RE2-OB,RE2,ob,Online Boutique,productcatalogservice,disk,disk I/O stress,3,1708472972,72,1441,1708472252,1708473692,24.0,720,721,True,175180,True,399976,False
re2ob_productcatalogservice_loss_1,RE2-OB,RE2,ob,Online Boutique,productcatalogservice,loss,network packet loss,1,1705342830,72,1441,1705342110,1705343550,24.0,720,721,True,117601,True,254889,False
re2ob_productcatalogservice_loss_2,RE2-OB,RE2,ob,Online Boutique,productcatalogservice,loss,network packet loss,2,1705519114,74,1441,1705518394,1705519834,24.0,720,721,True,120201,True,260357,False
re2ob_productcatalogservice_loss_3,RE2-OB,RE2,ob,Online Boutique,productcatalogservice,loss,network packet loss,3,1705717097,75,1441,1705716377,1705717817,24.0,720,721,True,147887,True,333739,False
re2ob_productcatalogservice_mem_1,RE2-OB,RE2,ob,Online Boutique,productcatalogservice,mem,memory stress,1,1705357616,72,1441,1705356896,1705358336,24.0,720,721,True,139074,True,317085,False
re2ob_productcatalogservice_mem_2,RE2-OB,RE2,ob,Online Boutique,productcatalogservice,mem,memory stress,2,1705491651,71,1441,1705490931,1705492371,24.0,720,721,True,161661,True,320661,False
re2ob_productcatalogservice_mem_3,RE2-OB,RE2,ob,Online Boutique,productcatalogservice,mem,memory stress,3,1705493908,71,1441,1705493188,1705494628,24.0,720,721,True,155910,True,276103,False
re2ob_productcatalogservice_socket_1,RE2-OB,RE2,ob,Online Boutique,productcatalogservice,socket,socket exhaustion,1,1705392233,71,1441,1705391513,1705392953,24.0,720,721,True,168357,True,383626,False
re2ob_productcatalogservice_socket_2,RE2-OB,RE2,ob,Online Boutique,productcatalogservice,socket,socket exhaustion,2,1705509677,71,1441,1705508957,1705510397,24.0,720,721,True,177026,True,402531,False
re2ob_productcatalogservice_socket_3,RE2-OB,RE2,ob,Online Boutique,productcatalogservice,socket,socket exhaustion,3,1705512067,71,1441,1705511347,1705512787,24.0,720,721,True,178806,True,407531,False
re2ob_recommendationservice_cpu_1,RE2-OB,RE2,ob,Online Boutique,recommendationservice,cpu,CPU stress,1,1705345765,72,1441,1705345045,1705346485,24.0,720,721,True,171429,True,391057,False
re2ob_recommendationservice_cpu_2,RE2-OB,RE2,ob,Online Boutique,recommendationservice,cpu,CPU stress,2,1705525832,74,1441,1705525112,1705526552,24.0,720,721,True,178115,True,406293,False
re2ob_recommendationservice_cpu_3,RE2-OB,RE2,ob,Online Boutique,recommendationservice,cpu,CPU stress,3,1705528257,74,1441,1705527537,1705528977,24.0,720,721,True,179564,True,410295,False
re2ob_recommendationservice_delay_1,RE2-OB,RE2,ob,Online Boutique,recommendationservice,delay,network delay,1,1705400377,71,1441,1705399657,1705401097,24.0,720,721,True,172404,True,393688,False
re2ob_recommendationservice_delay_2,RE2-OB,RE2,ob,Online Boutique,recommendationservice,delay,network delay,2,1705545315,74,1441,1705544595,1705546035,24.0,720,721,True,173760,True,396200,False
re2ob_recommendationservice_delay_3,RE2-OB,RE2,ob,Online Boutique,recommendationservice,delay,network delay,3,1705547762,74,1441,1705547042,1705548482,24.0,720,721,True,174200,True,396781,False
re2ob_recommendationservice_disk_1,RE2-OB,RE2,ob,Online Boutique,recommendationservice,disk,disk I/O stress,1,1705366522,73,1441,1705365802,1705367242,24.0,720,721,True,170150,True,391177,False
re2ob_recommendationservice_disk_2,RE2-OB,RE2,ob,Online Boutique,recommendationservice,disk,disk I/O stress,2,1705535461,74,1441,1705534741,1705536181,24.0,720,721,True,177271,True,404057,False
re2ob_recommendationservice_disk_3,RE2-OB,RE2,ob,Online Boutique,recommendationservice,disk,disk I/O stress,3,1705537934,74,1441,1705537214,1705538654,24.0,720,721,True,178952,True,409575,False
re2ob_recommendationservice_loss_1,RE2-OB,RE2,ob,Online Boutique,recommendationservice,loss,network packet loss,1,1705347231,73,1441,1705346511,1705347951,24.0,720,721,True,147413,True,299508,False
re2ob_recommendationservice_loss_2,RE2-OB,RE2,ob,Online Boutique,recommendationservice,loss,network packet loss,2,1705583459,72,1441,1705582739,1705584179,24.0,720,721,True,168376,True,370911,False
re2ob_recommendationservice_loss_3,RE2-OB,RE2,ob,Online Boutique,recommendationservice,loss,network packet loss,3,1705757332,69,1441,1705756612,1705758052,24.0,720,721,True,164897,True,363896,False
re2ob_recommendationservice_mem_1,RE2-OB,RE2,ob,Online Boutique,recommendationservice,mem,memory stress,1,1705458232,70,1441,1705457512,1705458952,24.0,720,721,True,174236,True,398876,False
re2ob_recommendationservice_mem_2,RE2-OB,RE2,ob,Online Boutique,recommendationservice,mem,memory stress,2,1705530692,74,1441,1705529972,1705531412,24.0,720,721,True,173185,True,395021,False
re2ob_recommendationservice_mem_3,RE2-OB,RE2,ob,Online Boutique,recommendationservice,mem,memory stress,3,1705533073,74,1441,1705532353,1705533793,24.0,720,721,True,172175,True,394497,False
re2ob_recommendationservice_socket_1,RE2-OB,RE2,ob,Online Boutique,recommendationservice,socket,socket exhaustion,1,1705398242,71,1441,1705397522,1705398962,24.0,720,721,True,131908,True,303835,False
re2ob_recommendationservice_socket_2,RE2-OB,RE2,ob,Online Boutique,recommendationservice,socket,socket exhaustion,2,1705540396,74,1441,1705539676,1705541116,24.0,720,721,True,178775,True,407700,False
re2ob_recommendationservice_socket_3,RE2-OB,RE2,ob,Online Boutique,recommendationservice,socket,socket exhaustion,3,1705542843,74,1441,1705542123,1705543563,24.0,720,721,True,177253,True,406913,False
re2ss_carts_cpu_1,RE2-SS,RE2,ss,Sock Shop,carts,cpu,CPU stress,1,1705596179,75,1441,1705595459,1705596899,24.0,720,721,True,86592,False,0,False
re2ss_carts_cpu_2,RE2-SS,RE2,ss,Sock Shop,carts,cpu,CPU stress,2,1705676689,78,1441,1705675969,1705677409,24.0,720,721,True,86451,False,0,False
re2ss_carts_cpu_3,RE2-SS,RE2,ss,Sock Shop,carts,cpu,CPU stress,3,1705678280,78,1441,1705677560,1705679000,24.0,720,721,True,87020,False,0,False
re2ss_carts_delay_1,RE2-SS,RE2,ss,Sock Shop,carts,delay,network delay,1,1705662624,79,1441,1705661904,1705663344,24.0,720,721,True,83040,False,0,False
re2ss_carts_delay_2,RE2-SS,RE2,ss,Sock Shop,carts,delay,network delay,2,1705725124,75,1441,1705724404,1705725844,24.0,720,721,True,83145,False,0,False
re2ss_carts_delay_3,RE2-SS,RE2,ss,Sock Shop,carts,delay,network delay,3,1705726713,75,1441,1705725993,1705727433,24.0,720,721,True,82548,False,0,False
re2ss_carts_disk_1,RE2-SS,RE2,ss,Sock Shop,carts,disk,disk I/O stress,1,1705817948,76,1441,1705817228,1705818668,24.0,720,721,True,88166,False,0,False
re2ss_carts_disk_2,RE2-SS,RE2,ss,Sock Shop,carts,disk,disk I/O stress,2,1705683324,74,1441,1705682604,1705684044,24.0,720,721,True,87449,False,0,False
re2ss_carts_disk_3,RE2-SS,RE2,ss,Sock Shop,carts,disk,disk I/O stress,3,1705720322,75,1441,1705719602,1705721042,24.0,720,721,True,87197,False,0,False
re2ss_carts_loss_1,RE2-SS,RE2,ss,Sock Shop,carts,loss,network packet loss,1,1705664209,79,1441,1705663489,1705664929,24.0,720,721,True,84486,False,0,False
re2ss_carts_loss_2,RE2-SS,RE2,ss,Sock Shop,carts,loss,network packet loss,2,1705728673,76,1441,1705727953,1705729393,24.0,720,721,True,84873,False,0,False
re2ss_carts_loss_3,RE2-SS,RE2,ss,Sock Shop,carts,loss,network packet loss,3,1705730263,76,1441,1705729543,1705730983,24.0,720,721,True,84331,False,0,False
re2ss_carts_mem_1,RE2-SS,RE2,ss,Sock Shop,carts,mem,memory stress,1,1705845578,76,1441,1705844858,1705846298,24.0,720,721,True,87712,False,0,False
re2ss_carts_mem_2,RE2-SS,RE2,ss,Sock Shop,carts,mem,memory stress,2,1705679876,78,1441,1705679156,1705680596,24.0,720,721,True,86086,False,0,False
re2ss_carts_mem_3,RE2-SS,RE2,ss,Sock Shop,carts,mem,memory stress,3,1705681731,74,1441,1705681011,1705682451,24.0,720,721,True,86345,False,0,False
re2ss_carts_socket_1,RE2-SS,RE2,ss,Sock Shop,carts,socket,socket exhaustion,1,1705632937,79,1441,1705632217,1705633657,24.0,720,721,True,88689,False,0,False
re2ss_carts_socket_2,RE2-SS,RE2,ss,Sock Shop,carts,socket,socket exhaustion,2,1705721929,75,1441,1705721209,1705722649,24.0,720,721,True,86415,False,0,False
re2ss_carts_socket_3,RE2-SS,RE2,ss,Sock Shop,carts,socket,socket exhaustion,3,1705723534,75,1441,1705722814,1705724254,24.0,720,721,True,86090,False,0,False
re2ss_catalogue_cpu_1,RE2-SS,RE2,ss,Sock Shop,catalogue,cpu,CPU stress,1,1705600751,75,1441,1705600031,1705601471,24.0,720,721,True,78035,False,0,False
re2ss_catalogue_cpu_2,RE2-SS,RE2,ss,Sock Shop,catalogue,cpu,CPU stress,2,1705697873,75,1441,1705697153,1705698593,24.0,720,721,True,74548,False,0,False
re2ss_catalogue_cpu_3,RE2-SS,RE2,ss,Sock Shop,catalogue,cpu,CPU stress,3,1705699341,75,1441,1705698621,1705700061,24.0,720,721,True,87159,False,0,False
re2ss_catalogue_delay_1,RE2-SS,RE2,ss,Sock Shop,catalogue,delay,network delay,1,1705640134,80,1441,1705639414,1705640854,24.0,720,721,True,88601,False,0,False
re2ss_catalogue_delay_2,RE2-SS,RE2,ss,Sock Shop,catalogue,delay,network delay,2,1705709883,75,1441,1705709163,1705710603,24.0,720,721,True,84632,False,0,False
re2ss_catalogue_delay_3,RE2-SS,RE2,ss,Sock Shop,catalogue,delay,network delay,3,1705711624,76,1441,1705710904,1705712344,24.0,720,721,True,78812,False,0,False
re2ss_catalogue_disk_1,RE2-SS,RE2,ss,Sock Shop,catalogue,disk,disk I/O stress,1,1705636944,80,1441,1705636224,1705637664,24.0,720,721,True,84395,False,0,False
re2ss_catalogue_disk_2,RE2-SS,RE2,ss,Sock Shop,catalogue,disk,disk I/O stress,2,1705704008,74,1441,1705703288,1705704728,24.0,720,721,True,86517,False,0,False
re2ss_catalogue_disk_3,RE2-SS,RE2,ss,Sock Shop,catalogue,disk,disk I/O stress,3,1705705477,74,1441,1705704757,1705706197,24.0,720,721,True,86824,False,0,False
re2ss_catalogue_loss_1,RE2-SS,RE2,ss,Sock Shop,catalogue,loss,network packet loss,1,1705602312,76,1441,1705601592,1705603032,24.0,720,721,True,57320,False,0,False
re2ss_catalogue_loss_2,RE2-SS,RE2,ss,Sock Shop,catalogue,loss,network packet loss,2,1705713092,76,1441,1705712372,1705713812,24.0,720,721,True,60114,False,0,False
re2ss_catalogue_loss_3,RE2-SS,RE2,ss,Sock Shop,catalogue,loss,network packet loss,3,1705714561,76,1441,1705713841,1705715281,24.0,720,721,True,61657,False,0,False
re2ss_catalogue_mem_1,RE2-SS,RE2,ss,Sock Shop,catalogue,mem,memory stress,1,1705819416,77,1441,1705818696,1705820136,24.0,720,721,True,86527,False,0,False
re2ss_catalogue_mem_2,RE2-SS,RE2,ss,Sock Shop,catalogue,mem,memory stress,2,1705700811,75,1441,1705700091,1705701531,24.0,720,721,True,86549,False,0,False
re2ss_catalogue_mem_3,RE2-SS,RE2,ss,Sock Shop,catalogue,mem,memory stress,3,1705702279,75,1441,1705701559,1705702999,24.0,720,721,True,86063,False,0,False
re2ss_catalogue_socket_1,RE2-SS,RE2,ss,Sock Shop,catalogue,socket,socket exhaustion,1,1705638535,80,1441,1705637815,1705639255,24.0,720,721,True,89439,False,0,False
re2ss_catalogue_socket_2,RE2-SS,RE2,ss,Sock Shop,catalogue,socket,socket exhaustion,2,1705706946,74,1441,1705706226,1705707666,24.0,720,721,True,87798,False,0,False
re2ss_catalogue_socket_3,RE2-SS,RE2,ss,Sock Shop,catalogue,socket,socket exhaustion,3,1705708414,75,1441,1705707694,1705709134,24.0,720,721,True,86369,False,0,False
re2ss_orders_cpu_1,RE2-SS,RE2,ss,Sock Shop,orders,cpu,CPU stress,1,1705605431,77,1441,1705604711,1705606151,24.0,720,721,True,86534,False,0,False
re2ss_orders_cpu_2,RE2-SS,RE2,ss,Sock Shop,orders,cpu,CPU stress,2,1705731846,77,1441,1705731126,1705732566,24.0,720,721,True,86433,False,0,False
re2ss_orders_cpu_3,RE2-SS,RE2,ss,Sock Shop,orders,cpu,CPU stress,3,1705733437,77,1441,1705732717,1705734157,24.0,720,721,True,86788,False,0,False
re2ss_orders_delay_1,RE2-SS,RE2,ss,Sock Shop,orders,delay,network delay,1,1705644992,80,1441,1705644272,1705645712,24.0,720,721,True,88610,False,0,False
re2ss_orders_delay_2,RE2-SS,RE2,ss,Sock Shop,orders,delay,network delay,2,1705743799,74,1441,1705743079,1705744519,24.0,720,721,True,86736,False,0,False
re2ss_orders_delay_3,RE2-SS,RE2,ss,Sock Shop,orders,delay,network delay,3,1705745388,74,1441,1705744668,1705746108,24.0,720,721,True,85819,False,0,False
re2ss_orders_disk_1,RE2-SS,RE2,ss,Sock Shop,orders,disk,disk I/O stress,1,1705822351,79,1441,1705821631,1705823071,24.0,720,721,True,70374,False,0,False
re2ss_orders_disk_2,RE2-SS,RE2,ss,Sock Shop,orders,disk,disk I/O stress,2,1705823480,76,1441,1705822760,1705824200,24.0,720,721,True,87603,False,0,False
re2ss_orders_disk_3,RE2-SS,RE2,ss,Sock Shop,orders,disk,disk I/O stress,3,1705848483,78,1441,1705847763,1705849203,24.0,720,721,True,86528,False,0,False
re2ss_orders_loss_1,RE2-SS,RE2,ss,Sock Shop,orders,loss,network packet loss,1,1705607010,77,1441,1705606290,1705607730,24.0,720,721,True,89230,False,0,False
re2ss_orders_loss_2,RE2-SS,RE2,ss,Sock Shop,orders,loss,network packet loss,2,1705746979,76,1441,1705746259,1705747699,24.0,720,721,True,87652,False,0,False
re2ss_orders_loss_3,RE2-SS,RE2,ss,Sock Shop,orders,loss,network packet loss,3,1705748572,76,1441,1705747852,1705749292,24.0,720,721,True,88243,False,0,False
re2ss_orders_mem_1,RE2-SS,RE2,ss,Sock Shop,orders,mem,memory stress,1,1705820883,79,1441,1705820163,1705821603,24.0,720,721,True,86192,False,0,False
re2ss_orders_mem_2,RE2-SS,RE2,ss,Sock Shop,orders,mem,memory stress,2,1705735025,77,1441,1705734305,1705735745,24.0,720,721,True,86626,False,0,False
re2ss_orders_mem_3,RE2-SS,RE2,ss,Sock Shop,orders,mem,memory stress,3,1705736994,74,1441,1705736274,1705737714,24.0,720,721,True,86519,False,0,False
re2ss_orders_socket_1,RE2-SS,RE2,ss,Sock Shop,orders,socket,socket exhaustion,1,1705643392,80,1441,1705642672,1705644112,24.0,720,721,True,89905,False,0,False
re2ss_orders_socket_2,RE2-SS,RE2,ss,Sock Shop,orders,socket,socket exhaustion,2,1705740236,76,1441,1705739516,1705740956,24.0,720,721,True,86799,False,0,False
re2ss_orders_socket_3,RE2-SS,RE2,ss,Sock Shop,orders,socket,socket exhaustion,3,1705741830,77,1441,1705741110,1705742550,24.0,720,721,True,86124,False,0,False
re2ss_payment_cpu_1,RE2-SS,RE2,ss,Sock Shop,payment,cpu,CPU stress,1,1705610176,77,1441,1705609456,1705610896,24.0,720,721,True,86881,False,0,False
re2ss_payment_cpu_2,RE2-SS,RE2,ss,Sock Shop,payment,cpu,CPU stress,2,1705753762,76,1441,1705753042,1705754482,24.0,720,721,True,86332,False,0,False
re2ss_payment_cpu_3,RE2-SS,RE2,ss,Sock Shop,payment,cpu,CPU stress,3,1705755357,76,1441,1705754637,1705756077,24.0,720,721,True,86912,False,0,False
re2ss_payment_delay_1,RE2-SS,RE2,ss,Sock Shop,payment,delay,network delay,1,1705650625,81,1441,1705649905,1705651345,24.0,720,721,True,86312,False,0,False
re2ss_payment_delay_2,RE2-SS,RE2,ss,Sock Shop,payment,delay,network delay,2,1705766874,76,1441,1705766154,1705767594,24.0,720,721,True,87147,False,0,False
re2ss_payment_delay_3,RE2-SS,RE2,ss,Sock Shop,payment,delay,network delay,3,1705768845,74,1441,1705768125,1705769565,24.0,720,721,True,86799,False,0,False
re2ss_payment_disk_1,RE2-SS,RE2,ss,Sock Shop,payment,disk,disk I/O stress,1,1705647420,81,1441,1705646700,1705648140,24.0,720,721,True,89666,False,0,False
re2ss_payment_disk_2,RE2-SS,RE2,ss,Sock Shop,payment,disk,disk I/O stress,2,1705760513,76,1441,1705759793,1705761233,24.0,720,721,True,86728,False,0,False
re2ss_payment_disk_3,RE2-SS,RE2,ss,Sock Shop,payment,disk,disk I/O stress,3,1705762102,76,1441,1705761382,1705762822,24.0,720,721,True,86149,False,0,False
re2ss_payment_loss_1,RE2-SS,RE2,ss,Sock Shop,payment,loss,network packet loss,1,1705611754,78,1441,1705611034,1705612474,24.0,720,721,True,92962,False,0,False
re2ss_payment_loss_2,RE2-SS,RE2,ss,Sock Shop,payment,loss,network packet loss,2,1705770439,76,1441,1705769719,1705771159,24.0,720,721,True,91375,False,0,False
re2ss_payment_loss_3,RE2-SS,RE2,ss,Sock Shop,payment,loss,network packet loss,3,1705773928,76,1441,1705773208,1705774648,24.0,720,721,True,91786,False,0,False
re2ss_payment_mem_1,RE2-SS,RE2,ss,Sock Shop,payment,mem,memory stress,1,1705824978,77,1441,1705824258,1705825698,24.0,720,721,True,87090,False,0,False
re2ss_payment_mem_2,RE2-SS,RE2,ss,Sock Shop,payment,mem,memory stress,2,1705756954,76,1441,1705756234,1705757674,24.0,720,721,True,86218,False,0,False
re2ss_payment_mem_3,RE2-SS,RE2,ss,Sock Shop,payment,mem,memory stress,3,1705758542,76,1441,1705757822,1705759262,24.0,720,721,True,87217,False,0,False
re2ss_payment_socket_1,RE2-SS,RE2,ss,Sock Shop,payment,socket,socket exhaustion,1,1705649020,81,1441,1705648300,1705649740,24.0,720,721,True,85811,False,0,False
re2ss_payment_socket_2,RE2-SS,RE2,ss,Sock Shop,payment,socket,socket exhaustion,2,1705763692,76,1441,1705762972,1705764412,24.0,720,721,True,86579,False,0,False
re2ss_payment_socket_3,RE2-SS,RE2,ss,Sock Shop,payment,socket,socket exhaustion,3,1705765284,76,1441,1705764564,1705766004,24.0,720,721,True,87216,False,0,False
re2ss_user_cpu_1,RE2-SS,RE2,ss,Sock Shop,user,cpu,CPU stress,1,1705614889,78,1441,1705614169,1705615609,24.0,720,721,True,77384,False,0,False
re2ss_user_cpu_2,RE2-SS,RE2,ss,Sock Shop,user,cpu,CPU stress,2,1705778631,76,1441,1705777911,1705779351,24.0,720,721,True,76709,False,0,False
re2ss_user_cpu_3,RE2-SS,RE2,ss,Sock Shop,user,cpu,CPU stress,3,1705780240,76,1441,1705779520,1705780960,24.0,720,721,True,86263,False,0,False
re2ss_user_delay_1,RE2-SS,RE2,ss,Sock Shop,user,delay,network delay,1,1705656234,82,1441,1705655514,1705656954,24.0,720,721,True,81553,False,0,False
re2ss_user_delay_2,RE2-SS,RE2,ss,Sock Shop,user,delay,network delay,2,1705792232,75,1441,1705791512,1705792952,24.0,720,721,True,84386,False,0,False
re2ss_user_delay_3,RE2-SS,RE2,ss,Sock Shop,user,delay,network delay,3,1705793827,75,1441,1705793107,1705794547,24.0,720,721,True,83728,False,0,False
re2ss_user_disk_1,RE2-SS,RE2,ss,Sock Shop,user,disk,disk I/O stress,1,1705653041,82,1441,1705652321,1705653761,24.0,720,721,True,78709,False,0,False
re2ss_user_disk_2,RE2-SS,RE2,ss,Sock Shop,user,disk,disk I/O stress,2,1705785441,74,1441,1705784721,1705786161,24.0,720,721,True,86487,False,0,False
re2ss_user_disk_3,RE2-SS,RE2,ss,Sock Shop,user,disk,disk I/O stress,3,1705787036,74,1441,1705786316,1705787756,24.0,720,721,True,86663,False,0,False
re2ss_user_loss_1,RE2-SS,RE2,ss,Sock Shop,user,loss,network packet loss,1,1705616460,79,1441,1705615740,1705617180,24.0,720,721,True,53507,False,0,False
re2ss_user_loss_2,RE2-SS,RE2,ss,Sock Shop,user,loss,network packet loss,2,1705795419,78,1441,1705794699,1705796139,24.0,720,721,True,59052,False,0,False
re2ss_user_loss_3,RE2-SS,RE2,ss,Sock Shop,user,loss,network packet loss,3,1705796990,78,1441,1705796270,1705797710,24.0,720,721,True,66602,False,0,False
re2ss_user_mem_1,RE2-SS,RE2,ss,Sock Shop,user,mem,memory stress,1,1705826446,77,1441,1705825726,1705827166,24.0,720,721,True,87131,False,0,False
re2ss_user_mem_2,RE2-SS,RE2,ss,Sock Shop,user,mem,memory stress,2,1705782233,74,1441,1705781513,1705782953,24.0,720,721,True,85960,False,0,False
re2ss_user_mem_3,RE2-SS,RE2,ss,Sock Shop,user,mem,memory stress,3,1705783825,74,1441,1705783105,1705784545,24.0,720,721,True,85809,False,0,False
re2ss_user_socket_1,RE2-SS,RE2,ss,Sock Shop,user,socket,socket exhaustion,1,1705654636,82,1441,1705653916,1705655356,24.0,720,721,True,84250,False,0,False
re2ss_user_socket_2,RE2-SS,RE2,ss,Sock Shop,user,socket,socket exhaustion,2,1705788652,74,1441,1705787932,1705789372,24.0,720,721,True,85726,False,0,False
re2ss_user_socket_3,RE2-SS,RE2,ss,Sock Shop,user,socket,socket exhaustion,3,1705790633,77,1441,1705789913,1705791353,24.0,720,721,True,86412,False,0,False
re2tt_ts-auth-service_cpu_1,RE2-TT,RE2,tt,Train Ticket,ts-auth-service,cpu,CPU stress,1,1705918105,369,1441,1705917385,1705918825,24.0,720,721,False,0,True,1143435,False
re2tt_ts-auth-service_cpu_2,RE2-TT,RE2,tt,Train Ticket,ts-auth-service,cpu,CPU stress,2,1706023611,367,1441,1706022891,1706024331,24.0,720,721,True,271919,True,838936,False
re2tt_ts-auth-service_cpu_3,RE2-TT,RE2,tt,Train Ticket,ts-auth-service,cpu,CPU stress,3,1706025155,367,1441,1706024435,1706025875,24.0,720,721,True,267932,True,898363,False
re2tt_ts-auth-service_delay_1,RE2-TT,RE2,tt,Train Ticket,ts-auth-service,delay,network delay,1,1705921865,371,1441,1705921145,1705922585,24.0,720,721,True,266174,True,1153677,False
re2tt_ts-auth-service_delay_2,RE2-TT,RE2,tt,Train Ticket,ts-auth-service,delay,network delay,2,1706043049,358,1441,1706042329,1706043769,24.0,720,721,True,274867,True,653768,False
re2tt_ts-auth-service_delay_3,RE2-TT,RE2,tt,Train Ticket,ts-auth-service,delay,network delay,3,1708817505,359,1441,1708816785,1708818225,24.0,720,721,True,279367,True,671979,False
re2tt_ts-auth-service_disk_1,RE2-TT,RE2,tt,Train Ticket,ts-auth-service,disk,disk I/O stress,1,1705980016,362,1441,1705979296,1705980736,24.0,720,721,True,271266,True,691762,False
re2tt_ts-auth-service_disk_2,RE2-TT,RE2,tt,Train Ticket,ts-auth-service,disk,disk I/O stress,2,1706031906,360,1441,1706031186,1706032626,24.0,720,721,True,270500,True,651369,False
re2tt_ts-auth-service_disk_3,RE2-TT,RE2,tt,Train Ticket,ts-auth-service,disk,disk I/O stress,3,1706033453,360,1441,1706032733,1706034173,24.0,720,721,True,269667,True,748981,False
re2tt_ts-auth-service_loss_1,RE2-TT,RE2,tt,Train Ticket,ts-auth-service,loss,network packet loss,1,1705983003,367,1441,1705982283,1705983723,24.0,720,721,True,276063,True,961039,False
re2tt_ts-auth-service_loss_2,RE2-TT,RE2,tt,Train Ticket,ts-auth-service,loss,network packet loss,2,1706044594,358,1441,1706043874,1706045314,24.0,720,721,True,279706,True,773775,False
re2tt_ts-auth-service_loss_3,RE2-TT,RE2,tt,Train Ticket,ts-auth-service,loss,network packet loss,3,1706046142,358,1441,1706045422,1706046862,24.0,720,721,True,279067,True,616100,False
re2tt_ts-auth-service_mem_1,RE2-TT,RE2,tt,Train Ticket,ts-auth-service,mem,memory stress,1,1706026700,367,1441,1706025980,1706027420,24.0,720,721,True,270107,True,1088958,False
re2tt_ts-auth-service_mem_2,RE2-TT,RE2,tt,Train Ticket,ts-auth-service,mem,memory stress,2,1706028246,371,1441,1706027526,1706028966,24.0,720,721,True,262199,True,1127077,False
re2tt_ts-auth-service_mem_3,RE2-TT,RE2,tt,Train Ticket,ts-auth-service,mem,memory stress,3,1708747254,359,1441,1708746534,1708747974,24.0,720,721,True,260665,True,618824,False
re2tt_ts-auth-service_socket_1,RE2-TT,RE2,tt,Train Ticket,ts-auth-service,socket,socket exhaustion,1,1705981508,362,1441,1705980788,1705982228,24.0,720,721,True,270617,True,829373,False
re2tt_ts-auth-service_socket_2,RE2-TT,RE2,tt,Train Ticket,ts-auth-service,socket,socket exhaustion,2,1708748796,359,1441,1708748076,1708749516,24.0,720,721,True,266470,True,746721,False
re2tt_ts-auth-service_socket_3,RE2-TT,RE2,tt,Train Ticket,ts-auth-service,socket,socket exhaustion,3,1706036545,367,1441,1706035825,1706037265,24.0,720,721,True,265328,True,948201,False
re2tt_ts-order-service_cpu_1,RE2-TT,RE2,tt,Train Ticket,ts-order-service,cpu,CPU stress,1,1705935125,357,1441,1705934405,1705935845,24.0,720,721,True,269233,True,628113,False
re2tt_ts-order-service_cpu_2,RE2-TT,RE2,tt,Train Ticket,ts-order-service,cpu,CPU stress,2,1706051909,367,1441,1706051189,1706052629,24.0,720,721,True,281606,True,811938,False
re2tt_ts-order-service_cpu_3,RE2-TT,RE2,tt,Train Ticket,ts-order-service,cpu,CPU stress,3,1706053461,368,1441,1706052741,1706054181,24.0,720,721,True,273099,True,849200,False
re2tt_ts-order-service_delay_1,RE2-TT,RE2,tt,Train Ticket,ts-order-service,delay,network delay,1,1705952245,374,1441,1705951525,1705952965,24.0,720,721,True,146141,True,779417,False
re2tt_ts-order-service_delay_2,RE2-TT,RE2,tt,Train Ticket,ts-order-service,delay,network delay,2,1706067125,345,1441,1706066405,1706067845,24.0,720,721,True,57359,True,122969,False
re2tt_ts-order-service_delay_3,RE2-TT,RE2,tt,Train Ticket,ts-order-service,delay,network delay,3,1706068673,345,1441,1706067953,1706069393,24.0,720,721,True,58570,True,125251,False
re2tt_ts-order-service_disk_1,RE2-TT,RE2,tt,Train Ticket,ts-order-service,disk,disk I/O stress,1,1705985281,371,1441,1705984561,1705986001,24.0,720,721,True,272821,True,1054124,False
re2tt_ts-order-service_disk_2,RE2-TT,RE2,tt,Train Ticket,ts-order-service,disk,disk I/O stress,2,1706059803,340,1441,1706059083,1706060523,24.0,720,721,True,58890,True,125465,False
re2tt_ts-order-service_disk_3,RE2-TT,RE2,tt,Train Ticket,ts-order-service,disk,disk I/O stress,3,1706061352,340,1441,1706060632,1706062072,24.0,720,721,True,59445,True,126429,False
re2tt_ts-order-service_loss_1,RE2-TT,RE2,tt,Train Ticket,ts-order-service,loss,network packet loss,1,1705988266,373,1441,1705987546,1705988986,24.0,720,721,True,270219,True,1293243,False
re2tt_ts-order-service_loss_2,RE2-TT,RE2,tt,Train Ticket,ts-order-service,loss,network packet loss,2,1706070221,345,1441,1706069501,1706070941,24.0,720,721,True,59109,True,126339,False
re2tt_ts-order-service_loss_3,RE2-TT,RE2,tt,Train Ticket,ts-order-service,loss,network packet loss,3,1706071770,345,1441,1706071050,1706072490,24.0,720,721,True,59220,True,126456,False
re2tt_ts-order-service_mem_1,RE2-TT,RE2,tt,Train Ticket,ts-order-service,mem,memory stress,1,1706198902,361,1441,1706198182,1706199622,24.0,720,721,True,255401,True,610230,False
re2tt_ts-order-service_mem_2,RE2-TT,RE2,tt,Train Ticket,ts-order-service,mem,memory stress,2,1708443983,359,1441,1708443263,1708444703,24.0,720,721,True,273502,True,655259,False
re2tt_ts-order-service_mem_3,RE2-TT,RE2,tt,Train Ticket,ts-order-service,mem,memory stress,3,1706200452,359,1441,1706199732,1706201172,24.0,720,721,True,254036,True,704920,False
re2tt_ts-order-service_socket_1,RE2-TT,RE2,tt,Train Ticket,ts-order-service,socket,socket exhaustion,1,1705986772,372,1441,1705986052,1705987492,24.0,720,721,True,269123,True,1204370,False
re2tt_ts-order-service_socket_2,RE2-TT,RE2,tt,Train Ticket,ts-order-service,socket,socket exhaustion,2,1706062900,340,1441,1706062180,1706063620,24.0,720,721,True,57769,True,123607,False
re2tt_ts-order-service_socket_3,RE2-TT,RE2,tt,Train Ticket,ts-order-service,socket,socket exhaustion,3,1708751883,366,1441,1708751163,1708752603,24.0,720,721,True,271066,True,974523,False
re2tt_ts-route-service_cpu_1,RE2-TT,RE2,tt,Train Ticket,ts-route-service,cpu,CPU stress,1,1705938117,365,1441,1705937397,1705938837,24.0,720,721,True,257658,True,758384,False
re2tt_ts-route-service_cpu_2,RE2-TT,RE2,tt,Train Ticket,ts-route-service,cpu,CPU stress,2,1706076163,345,1441,1706075443,1706076883,24.0,720,721,True,58704,True,125618,False
re2tt_ts-route-service_cpu_3,RE2-TT,RE2,tt,Train Ticket,ts-route-service,cpu,CPU stress,3,1706077706,346,1441,1706076986,1706078426,24.0,720,721,True,58882,True,125549,False
re2tt_ts-route-service_delay_1,RE2-TT,RE2,tt,Train Ticket,ts-route-service,delay,network delay,1,1705939611,366,1441,1705938891,1705940331,24.0,720,721,True,238158,True,783245,False
re2tt_ts-route-service_delay_2,RE2-TT,RE2,tt,Train Ticket,ts-route-service,delay,network delay,2,1706091325,361,1441,1706090605,1706092045,24.0,720,721,True,241579,True,742553,False
re2tt_ts-route-service_delay_3,RE2-TT,RE2,tt,Train Ticket,ts-route-service,delay,network delay,3,1706092874,363,1441,1706092154,1706093594,24.0,720,721,True,232933,True,866958,False
re2tt_ts-route-service_disk_1,RE2-TT,RE2,tt,Train Ticket,ts-route-service,disk,disk I/O stress,1,1705990546,374,1441,1705989826,1705991266,24.0,720,721,True,274777,True,1316502,False
re2tt_ts-route-service_disk_2,RE2-TT,RE2,tt,Train Ticket,ts-route-service,disk,disk I/O stress,2,1706085230,361,1441,1706084510,1706085950,24.0,720,721,True,275401,True,325410,False
re2tt_ts-route-service_disk_3,RE2-TT,RE2,tt,Train Ticket,ts-route-service,disk,disk I/O stress,3,1706183080,358,1441,1706182360,1706183800,24.0,720,721,True,233744,True,544009,False
re2tt_ts-route-service_loss_1,RE2-TT,RE2,tt,Train Ticket,ts-route-service,loss,network packet loss,1,1705993539,375,1441,1705992819,1705994259,24.0,720,721,True,197087,True,1198291,False
re2tt_ts-route-service_loss_2,RE2-TT,RE2,tt,Train Ticket,ts-route-service,loss,network packet loss,2,1706094419,363,1441,1706093699,1706095139,24.0,720,721,True,272113,True,875640,False
re2tt_ts-route-service_loss_3,RE2-TT,RE2,tt,Train Ticket,ts-route-service,loss,network packet loss,3,1706102401,358,1441,1706101681,1706103121,24.0,720,721,True,264483,True,626121,False
re2tt_ts-route-service_mem_1,RE2-TT,RE2,tt,Train Ticket,ts-route-service,mem,memory stress,1,1706179570,373,1441,1706178850,1706180290,24.0,720,721,True,233719,True,688564,False
re2tt_ts-route-service_mem_2,RE2-TT,RE2,tt,Train Ticket,ts-route-service,mem,memory stress,2,1706082132,363,1441,1706081412,1706082852,24.0,720,721,True,267254,True,631943,False
re2tt_ts-route-service_mem_3,RE2-TT,RE2,tt,Train Ticket,ts-route-service,mem,memory stress,3,1706083682,361,1441,1706082962,1706084402,24.0,720,721,True,261722,True,733836,False
re2tt_ts-route-service_socket_1,RE2-TT,RE2,tt,Train Ticket,ts-route-service,socket,socket exhaustion,1,1705992046,375,1441,1705991326,1705992766,24.0,720,721,True,256485,True,1535674,False
re2tt_ts-route-service_socket_2,RE2-TT,RE2,tt,Train Ticket,ts-route-service,socket,socket exhaustion,2,1706088233,361,1441,1706087513,1706088953,24.0,720,721,True,271899,True,655457,False
re2tt_ts-route-service_socket_3,RE2-TT,RE2,tt,Train Ticket,ts-route-service,socket,socket exhaustion,3,1706089779,361,1441,1706089059,1706090499,24.0,720,721,True,269560,True,770484,False
re2tt_ts-train-service_cpu_1,RE2-TT,RE2,tt,Train Ticket,ts-train-service,cpu,CPU stress,1,1705942599,370,1441,1705941879,1705943319,24.0,720,721,True,272238,True,1053578,False
re2tt_ts-train-service_cpu_2,RE2-TT,RE2,tt,Train Ticket,ts-train-service,cpu,CPU stress,2,1706105498,368,1441,1706104778,1706106218,24.0,720,721,True,280458,True,807137,False
re2tt_ts-train-service_cpu_3,RE2-TT,RE2,tt,Train Ticket,ts-train-service,cpu,CPU stress,3,1706107045,369,1441,1706106325,1706107765,24.0,720,721,True,273495,True,941576,False
re2tt_ts-train-service_delay_1,RE2-TT,RE2,tt,Train Ticket,ts-train-service,delay,network delay,1,1705944092,371,1441,1705943372,1705944812,24.0,720,721,True,239017,True,1000430,False
re2tt_ts-train-service_delay_2,RE2-TT,RE2,tt,Train Ticket,ts-train-service,delay,network delay,2,1706123446,358,1441,1706122726,1706124166,24.0,720,721,True,241117,True,669235,False
re2tt_ts-train-service_delay_3,RE2-TT,RE2,tt,Train Ticket,ts-train-service,delay,network delay,3,1706124991,358,1441,1706124271,1706125711,24.0,720,721,True,244659,True,792201,False
re2tt_ts-train-service_disk_1,RE2-TT,RE2,tt,Train Ticket,ts-train-service,disk,disk I/O stress,1,1706009807,356,1441,1706009087,1706010527,24.0,720,721,True,278130,True,776573,False
re2tt_ts-train-service_disk_2,RE2-TT,RE2,tt,Train Ticket,ts-train-service,disk,disk I/O stress,2,1706114212,365,1441,1706113492,1706114932,24.0,720,721,True,273710,True,868395,False
re2tt_ts-train-service_disk_3,RE2-TT,RE2,tt,Train Ticket,ts-train-service,disk,disk I/O stress,3,1706115759,366,1441,1706115039,1706116479,24.0,720,721,True,273293,True,1008550,False
re2tt_ts-train-service_loss_1,RE2-TT,RE2,tt,Train Ticket,ts-train-service,loss,network packet loss,1,1708448623,369,1441,1708447903,1708449343,24.0,720,721,True,314211,True,1025176,False
re2tt_ts-train-service_loss_2,RE2-TT,RE2,tt,Train Ticket,ts-train-service,loss,network packet loss,2,1706126537,361,1441,1706125817,1706127257,24.0,720,721,True,265618,True,988810,False
re2tt_ts-train-service_loss_3,RE2-TT,RE2,tt,Train Ticket,ts-train-service,loss,network packet loss,3,1706128083,363,1441,1706127363,1706128803,24.0,720,721,True,270421,True,1042622,False
re2tt_ts-train-service_mem_1,RE2-TT,RE2,tt,Train Ticket,ts-train-service,mem,memory stress,1,1706008312,356,1441,1706007592,1706009032,24.0,720,721,True,265858,True,643904,False
re2tt_ts-train-service_mem_2,RE2-TT,RE2,tt,Train Ticket,ts-train-service,mem,memory stress,2,1706111117,365,1441,1706110397,1706111837,24.0,720,721,True,262764,True,626163,False
re2tt_ts-train-service_mem_3,RE2-TT,RE2,tt,Train Ticket,ts-train-service,mem,memory stress,3,1706112664,365,1441,1706111944,1706113384,24.0,720,721,True,272929,True,755095,False
re2tt_ts-train-service_socket_1,RE2-TT,RE2,tt,Train Ticket,ts-train-service,socket,socket exhaustion,1,1705997317,376,1441,1705996597,1705998037,24.0,720,721,True,107304,True,382423,False
re2tt_ts-train-service_socket_2,RE2-TT,RE2,tt,Train Ticket,ts-train-service,socket,socket exhaustion,2,1706117304,370,1441,1706116584,1706118024,24.0,720,721,True,274621,True,1106312,False
re2tt_ts-train-service_socket_3,RE2-TT,RE2,tt,Train Ticket,ts-train-service,socket,socket exhaustion,3,1706121899,358,1441,1706121179,1706122619,24.0,720,721,True,273079,True,659525,False
re2tt_ts-travel-service_cpu_1,RE2-TT,RE2,tt,Train Ticket,ts-travel-service,cpu,CPU stress,1,1708453056,360,1441,1708452336,1708453776,24.0,720,721,True,302701,True,730224,False
re2tt_ts-travel-service_cpu_2,RE2-TT,RE2,tt,Train Ticket,ts-travel-service,cpu,CPU stress,2,1706135598,363,1441,1706134878,1706136318,24.0,720,721,True,275290,True,796889,False
re2tt_ts-travel-service_cpu_3,RE2-TT,RE2,tt,Train Ticket,ts-travel-service,cpu,CPU stress,3,1706137144,363,1441,1706136424,1706137864,24.0,720,721,True,278973,True,799550,False
re2tt_ts-travel-service_delay_1,RE2-TT,RE2,tt,Train Ticket,ts-travel-service,delay,network delay,1,1706013574,364,1441,1706012854,1706014294,24.0,720,721,True,245246,True,929570,False
re2tt_ts-travel-service_delay_2,RE2-TT,RE2,tt,Train Ticket,ts-travel-service,delay,network delay,2,1706151818,361,1441,1706151098,1706152538,24.0,720,721,True,260810,True,824619,False
re2tt_ts-travel-service_delay_3,RE2-TT,RE2,tt,Train Ticket,ts-travel-service,delay,network delay,3,1706153370,366,1441,1706152650,1706154090,24.0,720,721,True,264082,True,947781,False
re2tt_ts-travel-service_disk_1,RE2-TT,RE2,tt,Train Ticket,ts-travel-service,disk,disk I/O stress,1,1706012083,360,1441,1706011363,1706012803,24.0,720,721,True,274182,True,898401,False
re2tt_ts-travel-service_disk_2,RE2-TT,RE2,tt,Train Ticket,ts-travel-service,disk,disk I/O stress,2,1706143230,365,1441,1706142510,1706143950,24.0,720,721,True,58257,True,166981,False
re2tt_ts-travel-service_disk_3,RE2-TT,RE2,tt,Train Ticket,ts-travel-service,disk,disk I/O stress,3,1706144777,366,1441,1706144057,1706145497,24.0,720,721,True,58974,True,166242,False
re2tt_ts-travel-service_loss_1,RE2-TT,RE2,tt,Train Ticket,ts-travel-service,loss,network packet loss,1,1708454598,359,1441,1708453878,1708455318,24.0,720,721,True,309984,True,877130,False
re2tt_ts-travel-service_loss_2,RE2-TT,RE2,tt,Train Ticket,ts-travel-service,loss,network packet loss,2,1706154918,368,1441,1706154198,1706155638,24.0,720,721,True,291893,True,1213089,False
re2tt_ts-travel-service_loss_3,RE2-TT,RE2,tt,Train Ticket,ts-travel-service,loss,network packet loss,3,1708456140,361,1441,1708455420,1708456860,24.0,720,721,True,309278,True,1020066,False
re2tt_ts-travel-service_mem_1,RE2-TT,RE2,tt,Train Ticket,ts-travel-service,mem,memory stress,1,1706202000,359,1441,1706201280,1706202720,24.0,720,721,True,256600,True,825431,False
re2tt_ts-travel-service_mem_2,RE2-TT,RE2,tt,Train Ticket,ts-travel-service,mem,memory stress,2,1706203551,369,1441,1706202831,1706204271,24.0,720,721,True,255069,True,887067,False
re2tt_ts-travel-service_mem_3,RE2-TT,RE2,tt,Train Ticket,ts-travel-service,mem,memory stress,3,1706207458,359,1441,1706206738,1706208178,24.0,720,721,True,249528,True,587772,False
re2tt_ts-travel-service_socket_1,RE2-TT,RE2,tt,Train Ticket,ts-travel-service,socket,socket exhaustion,1,1706146324,368,1441,1706145604,1706147044,24.0,720,721,True,59169,True,163434,False
re2tt_ts-travel-service_socket_2,RE2-TT,RE2,tt,Train Ticket,ts-travel-service,socket,socket exhaustion,2,1706148724,361,1441,1706148004,1706149444,24.0,720,721,True,280033,True,670824,False
re2tt_ts-travel-service_socket_3,RE2-TT,RE2,tt,Train Ticket,ts-travel-service,socket,socket exhaustion,3,1706150271,359,1441,1706149551,1706150991,24.0,720,721,True,284349,True,783847,False
re3ob_adservice_f3_1,RE3-OB,RE3,ob,Online Boutique,adservice,f3,code-level fault F3,1,1731903960,69,1441,1731903240,1731904680,24.0,720,721,True,70558,True,165302,False
re3ob_adservice_f3_2,RE3-OB,RE3,ob,Online Boutique,adservice,f3,code-level fault F3,2,1732275199,100,1441,1732274479,1732275919,24.0,720,721,True,69275,True,162043,False
re3ob_adservice_f3_3,RE3-OB,RE3,ob,Online Boutique,adservice,f3,code-level fault F3,3,1732363998,101,1441,1732363278,1732364718,24.0,720,721,True,69664,True,163684,False
re3ob_adservice_f4_1,RE3-OB,RE3,ob,Online Boutique,adservice,f4,code-level fault F4,1,1731905504,69,1441,1731904784,1731906224,24.0,720,721,True,77536,True,164591,False
re3ob_adservice_f4_2,RE3-OB,RE3,ob,Online Boutique,adservice,f4,code-level fault F4,2,1732276743,68,1441,1732276023,1732277463,24.0,720,721,True,77616,True,164750,False
re3ob_adservice_f4_3,RE3-OB,RE3,ob,Online Boutique,adservice,f4,code-level fault F4,3,1732365542,68,1441,1732364822,1732366262,24.0,720,721,True,77788,True,165952,False
re3ob_adservice_f5_1,RE3-OB,RE3,ob,Online Boutique,adservice,f5,code-level fault F5,1,1731907048,69,1441,1731906328,1731907768,24.0,720,721,True,69134,True,162900,False
re3ob_adservice_f5_2,RE3-OB,RE3,ob,Online Boutique,adservice,f5,code-level fault F5,2,1732278287,68,1441,1732277567,1732279007,24.0,720,721,True,70322,True,164202,False
re3ob_adservice_f5_3,RE3-OB,RE3,ob,Online Boutique,adservice,f5,code-level fault F5,3,1732367086,68,1441,1732366366,1732367806,24.0,720,721,True,70064,True,163984,False
re3ob_cartservice_f1_1,RE3-OB,RE3,ob,Online Boutique,cartservice,f1,code-level fault F1,1,1731908592,69,1441,1731907872,1731909312,24.0,720,721,True,65025,True,148799,False
re3ob_cartservice_f1_2,RE3-OB,RE3,ob,Online Boutique,cartservice,f1,code-level fault F1,2,1732279831,68,1441,1732279111,1732280551,24.0,720,721,True,66661,True,151036,False
re3ob_cartservice_f1_3,RE3-OB,RE3,ob,Online Boutique,cartservice,f1,code-level fault F1,3,1732368630,68,1441,1732367910,1732369350,24.0,720,721,True,66441,True,151000,False
re3ob_currencyservice_f1_1,RE3-OB,RE3,ob,Online Boutique,currencyservice,f1,code-level fault F1,1,1731910135,68,1441,1731909415,1731910855,24.0,720,721,True,61828,True,116809,False
re3ob_currencyservice_f1_2,RE3-OB,RE3,ob,Online Boutique,currencyservice,f1,code-level fault F1,2,1732281375,68,1441,1732280655,1732282095,24.0,720,721,True,63699,True,119594,False
re3ob_currencyservice_f1_3,RE3-OB,RE3,ob,Online Boutique,currencyservice,f1,code-level fault F1,3,1732370174,69,1441,1732369454,1732370894,24.0,720,721,True,62448,True,117499,False
re3ob_emailservice_f1_1,RE3-OB,RE3,ob,Online Boutique,emailservice,f1,code-level fault F1,1,1731911680,68,1441,1731910960,1731912400,24.0,720,721,True,70076,True,164920,False
re3ob_emailservice_f1_2,RE3-OB,RE3,ob,Online Boutique,emailservice,f1,code-level fault F1,2,1732282919,68,1441,1732282199,1732283639,24.0,720,721,True,70250,True,163613,False
re3ob_emailservice_f1_3,RE3-OB,RE3,ob,Online Boutique,emailservice,f1,code-level fault F1,3,1732371718,68,1441,1732370998,1732372438,24.0,720,721,True,69114,True,162573,False
re3ob_emailservice_f2_1,RE3-OB,RE3,ob,Online Boutique,emailservice,f2,code-level fault F2,1,1731913224,68,1441,1731912504,1731913944,24.0,720,721,True,71072,True,166523,False
re3ob_emailservice_f2_2,RE3-OB,RE3,ob,Online Boutique,emailservice,f2,code-level fault F2,2,1732284463,68,1441,1732283743,1732285183,24.0,720,721,True,70587,True,164764,False
re3ob_emailservice_f2_3,RE3-OB,RE3,ob,Online Boutique,emailservice,f2,code-level fault F2,3,1732373262,68,1441,1732372542,1732373982,24.0,720,721,True,70293,True,163385,False
re3ob_emailservice_f3_1,RE3-OB,RE3,ob,Online Boutique,emailservice,f3,code-level fault F3,1,1731914768,68,1441,1731914048,1731915488,24.0,720,721,True,69563,True,162508,False
re3ob_emailservice_f3_2,RE3-OB,RE3,ob,Online Boutique,emailservice,f3,code-level fault F3,2,1732286006,68,1441,1732285286,1732286726,24.0,720,721,True,71238,True,166542,False
re3ob_emailservice_f3_3,RE3-OB,RE3,ob,Online Boutique,emailservice,f3,code-level fault F3,3,1732374805,68,1441,1732374085,1732375525,24.0,720,721,True,71791,True,167965,False
re3ob_emailservice_f4_1,RE3-OB,RE3,ob,Online Boutique,emailservice,f4,code-level fault F4,1,1731916312,68,1441,1731915592,1731917032,24.0,720,721,True,70355,True,165496,False
re3ob_emailservice_f4_2,RE3-OB,RE3,ob,Online Boutique,emailservice,f4,code-level fault F4,2,1732287550,68,1441,1732286830,1732288270,24.0,720,721,True,71712,True,167321,False
re3ob_emailservice_f4_3,RE3-OB,RE3,ob,Online Boutique,emailservice,f4,code-level fault F4,3,1732376349,68,1441,1732375629,1732377069,24.0,720,721,True,69733,True,163268,False
re3ob_emailservice_f5_1,RE3-OB,RE3,ob,Online Boutique,emailservice,f5,code-level fault F5,1,1731917856,68,1441,1731917136,1731918576,24.0,720,721,True,70136,True,164118,False
re3ob_emailservice_f5_2,RE3-OB,RE3,ob,Online Boutique,emailservice,f5,code-level fault F5,2,1732289094,68,1441,1732288374,1732289814,24.0,720,721,True,70724,True,165744,False
re3ob_emailservice_f5_3,RE3-OB,RE3,ob,Online Boutique,emailservice,f5,code-level fault F5,3,1732377893,68,1441,1732377173,1732378613,24.0,720,721,True,70503,True,164205,False
re3ss_carts_f1_1,RE3-SS,RE3,ss,Sock Shop,carts,f1,code-level fault F1,1,1732243203,80,1441,1732242483,1732243923,24.0,720,721,True,84665,False,0,True
re3ss_carts_f1_2,RE3-SS,RE3,ss,Sock Shop,carts,f1,code-level fault F1,2,1732254135,81,1441,1732253415,1732254855,24.0,720,721,True,85307,False,0,True
re3ss_carts_f1_3,RE3-SS,RE3,ss,Sock Shop,carts,f1,code-level fault F1,3,1732386836,107,1441,1732386116,1732387556,24.0,720,721,True,85155,False,0,False
re3ss_carts_f1_4,RE3-SS,RE3,ss,Sock Shop,carts,f1,code-level fault F1,4,1732452160,86,1441,1732451440,1732452880,24.0,720,721,True,85849,False,0,False
re3ss_carts_f3_1,RE3-SS,RE3,ss,Sock Shop,carts,f3,code-level fault F3,1,1732244765,80,1441,1732244045,1732245485,24.0,720,721,True,84162,False,0,True
re3ss_carts_f3_2,RE3-SS,RE3,ss,Sock Shop,carts,f3,code-level fault F3,2,1732255694,81,1441,1732254974,1732256414,24.0,720,721,True,84442,False,0,True
re3ss_carts_f3_3,RE3-SS,RE3,ss,Sock Shop,carts,f3,code-level fault F3,3,1732388394,85,1441,1732387674,1732389114,24.0,720,721,True,84960,False,0,False
re3ss_carts_f3_4,RE3-SS,RE3,ss,Sock Shop,carts,f3,code-level fault F3,4,1732453719,86,1441,1732452999,1732454439,24.0,720,721,True,85649,False,0,False
re3ss_carts_f4_1,RE3-SS,RE3,ss,Sock Shop,carts,f4,code-level fault F4,1,1732246326,80,1441,1732245606,1732247046,24.0,720,721,True,84024,False,0,False
re3ss_carts_f4_2,RE3-SS,RE3,ss,Sock Shop,carts,f4,code-level fault F4,2,1732257253,81,1441,1732256533,1732257973,24.0,720,721,True,84555,False,0,False
re3ss_carts_f4_3,RE3-SS,RE3,ss,Sock Shop,carts,f4,code-level fault F4,3,1732389953,85,1441,1732389233,1732390673,24.0,720,721,True,83802,False,0,False
re3ss_carts_f4_4,RE3-SS,RE3,ss,Sock Shop,carts,f4,code-level fault F4,4,1732455278,86,1441,1732454558,1732455998,24.0,720,721,True,84925,False,0,False
re3ss_front-end_f1_1,RE3-SS,RE3,ss,Sock Shop,front-end,f1,code-level fault F1,1,1732247889,80,1441,1732247169,1732248609,24.0,720,721,True,85513,False,0,True
re3ss_front-end_f1_2,RE3-SS,RE3,ss,Sock Shop,front-end,f1,code-level fault F1,2,1732258812,81,1441,1732258092,1732259532,24.0,720,721,True,85886,False,0,True
re3ss_front-end_f1_3,RE3-SS,RE3,ss,Sock Shop,front-end,f1,code-level fault F1,3,1732391511,84,1441,1732390791,1732392231,24.0,720,721,True,85171,False,0,False
re3ss_front-end_f2_1,RE3-SS,RE3,ss,Sock Shop,front-end,f2,code-level fault F2,1,1732249439,80,1441,1732248719,1732250159,24.0,720,721,True,86519,False,0,True
re3ss_front-end_f2_2,RE3-SS,RE3,ss,Sock Shop,front-end,f2,code-level fault F2,2,1732260362,81,1441,1732259642,1732261082,24.0,720,721,True,86678,False,0,True
re3ss_front-end_f2_3,RE3-SS,RE3,ss,Sock Shop,front-end,f2,code-level fault F2,3,1732393062,84,1441,1732392342,1732393782,24.0,720,721,True,87396,False,0,False
re3ss_front-end_f3_1,RE3-SS,RE3,ss,Sock Shop,front-end,f3,code-level fault F3,1,1732349836,81,1441,1732349116,1732350556,24.0,720,721,True,46800,False,0,False
re3ss_front-end_f3_2,RE3-SS,RE3,ss,Sock Shop,front-end,f3,code-level fault F3,2,1732351388,80,1441,1732350668,1732352108,24.0,720,721,True,47848,False,0,False
re3ss_front-end_f3_3,RE3-SS,RE3,ss,Sock Shop,front-end,f3,code-level fault F3,3,1732394612,84,1441,1732393892,1732395332,24.0,720,721,True,48110,False,0,False
re3ss_orders_f1_1,RE3-SS,RE3,ss,Sock Shop,orders,f1,code-level fault F1,1,1732352938,82,1441,1732352218,1732353658,24.0,720,721,True,79207,False,0,False
re3ss_orders_f1_2,RE3-SS,RE3,ss,Sock Shop,orders,f1,code-level fault F1,2,1732354496,81,1441,1732353776,1732355216,24.0,720,721,True,78873,False,0,False
re3ss_orders_f1_3,RE3-SS,RE3,ss,Sock Shop,orders,f1,code-level fault F1,3,1732396164,84,1441,1732395444,1732396884,24.0,720,721,True,78278,False,0,False
re3ss_orders_f3_1,RE3-SS,RE3,ss,Sock Shop,orders,f3,code-level fault F3,1,1732356055,81,1441,1732355335,1732356775,24.0,720,721,True,79514,False,0,False
re3ss_orders_f3_2,RE3-SS,RE3,ss,Sock Shop,orders,f3,code-level fault F3,2,1732357613,81,1441,1732356893,1732358333,24.0,720,721,True,79798,False,0,False
re3ss_orders_f3_3,RE3-SS,RE3,ss,Sock Shop,orders,f3,code-level fault F3,3,1732397724,83,1441,1732397004,1732398444,24.0,720,721,True,79882,False,0,False
re3ss_orders_f4_1,RE3-SS,RE3,ss,Sock Shop,orders,f4,code-level fault F4,1,1732359171,81,1441,1732358451,1732359891,24.0,720,721,True,51906,False,0,False
re3ss_orders_f4_2,RE3-SS,RE3,ss,Sock Shop,orders,f4,code-level fault F4,2,1732360730,81,1441,1732360010,1732361450,24.0,720,721,True,41777,False,0,False
re3ss_orders_f4_3,RE3-SS,RE3,ss,Sock Shop,orders,f4,code-level fault F4,3,1732399286,84,1441,1732398566,1732400006,24.0,720,721,True,51587,False,0,False
re3tt_ts-auth-service_f1_1,RE3-TT,RE3,tt,Train Ticket,ts-auth-service,f1,code-level fault F1,1,1733591947,315,1801,1733591047,1733592847,30.0,900,901,True,40521,True,88159,False
re3tt_ts-auth-service_f1_2,RE3-TT,RE3,tt,Train Ticket,ts-auth-service,f1,code-level fault F1,2,1733638682,315,1801,1733637782,1733639582,30.0,900,901,True,39343,True,86057,False
re3tt_ts-auth-service_f1_3,RE3-TT,RE3,tt,Train Ticket,ts-auth-service,f1,code-level fault F1,3,1733640809,319,1801,1733639909,1733641709,30.0,900,901,True,42072,True,92108,False
re3tt_ts-auth-service_f1_4,RE3-TT,RE3,tt,Train Ticket,ts-auth-service,f1,code-level fault F1,4,1733832191,298,1801,1733831291,1733833091,30.0,900,901,True,17025,True,36374,False
re3tt_ts-auth-service_f2_1,RE3-TT,RE3,tt,Train Ticket,ts-auth-service,f2,code-level fault F2,1,1733594074,319,1801,1733593174,1733594974,30.0,900,901,True,45238,True,99146,False
re3tt_ts-auth-service_f2_2,RE3-TT,RE3,tt,Train Ticket,ts-auth-service,f2,code-level fault F2,2,1733642936,315,1801,1733642036,1733643836,30.0,900,901,True,42350,True,94502,False
re3tt_ts-auth-service_f2_3,RE3-TT,RE3,tt,Train Ticket,ts-auth-service,f2,code-level fault F2,3,1733645063,320,1801,1733644163,1733645963,30.0,900,901,True,39812,True,90648,False
re3tt_ts-auth-service_f2_4,RE3-TT,RE3,tt,Train Ticket,ts-auth-service,f2,code-level fault F2,4,1733834319,294,1801,1733833419,1733835219,30.0,900,901,True,17640,True,37936,False
re3tt_ts-auth-service_f3_1,RE3-TT,RE3,tt,Train Ticket,ts-auth-service,f3,code-level fault F3,1,1733596193,320,1801,1733595293,1733597093,30.0,900,901,True,43517,True,91004,False
re3tt_ts-auth-service_f3_2,RE3-TT,RE3,tt,Train Ticket,ts-auth-service,f3,code-level fault F3,2,1733647181,319,1801,1733646281,1733648081,30.0,900,901,True,44846,True,95986,False
re3tt_ts-auth-service_f3_3,RE3-TT,RE3,tt,Train Ticket,ts-auth-service,f3,code-level fault F3,3,1733649309,322,1801,1733648409,1733650209,30.0,900,901,True,44318,True,95355,False
re3tt_ts-auth-service_f3_4,RE3-TT,RE3,tt,Train Ticket,ts-auth-service,f3,code-level fault F3,4,1733836446,298,1801,1733835546,1733837346,30.0,900,901,True,20086,True,36407,False
re3tt_ts-auth-service_f4_1,RE3-TT,RE3,tt,Train Ticket,ts-auth-service,f4,code-level fault F4,1,1733598330,317,1801,1733597430,1733599230,30.0,900,901,True,41639,True,94939,False
re3tt_ts-auth-service_f4_2,RE3-TT,RE3,tt,Train Ticket,ts-auth-service,f4,code-level fault F4,2,1733651436,320,1801,1733650536,1733652336,30.0,900,901,True,42550,True,99998,False
re3tt_ts-auth-service_f4_3,RE3-TT,RE3,tt,Train Ticket,ts-auth-service,f4,code-level fault F4,3,1733653563,317,1801,1733652663,1733654463,30.0,900,901,True,44021,True,100418,False
re3tt_ts-route-service_f1_1,RE3-TT,RE3,tt,Train Ticket,ts-route-service,f1,code-level fault F1,1,1733600467,318,1801,1733599567,1733601367,30.0,900,901,True,71657,True,173320,False
re3tt_ts-route-service_f1_2,RE3-TT,RE3,tt,Train Ticket,ts-route-service,f1,code-level fault F1,2,1733655701,315,1801,1733654801,1733656601,30.0,900,901,True,75336,True,187869,False
re3tt_ts-route-service_f1_3,RE3-TT,RE3,tt,Train Ticket,ts-route-service,f1,code-level fault F1,3,1733657818,316,1801,1733656918,1733658718,30.0,900,901,True,72139,True,187396,False
re3tt_ts-route-service_f2_1,RE3-TT,RE3,tt,Train Ticket,ts-route-service,f2,code-level fault F2,1,1733602594,316,1801,1733601694,1733603494,30.0,900,901,True,74449,True,183623,False
re3tt_ts-route-service_f2_2,RE3-TT,RE3,tt,Train Ticket,ts-route-service,f2,code-level fault F2,2,1733659934,317,1801,1733659034,1733660834,30.0,900,901,True,68219,True,185410,False
re3tt_ts-route-service_f2_3,RE3-TT,RE3,tt,Train Ticket,ts-route-service,f2,code-level fault F2,3,1733662062,318,1801,1733661162,1733662962,30.0,900,901,True,71323,True,188380,False
re3tt_ts-route-service_f3_1,RE3-TT,RE3,tt,Train Ticket,ts-route-service,f3,code-level fault F3,1,1733604722,315,1801,1733603822,1733605622,30.0,900,901,True,75260,True,189488,False
re3tt_ts-route-service_f3_2,RE3-TT,RE3,tt,Train Ticket,ts-route-service,f3,code-level fault F3,2,1733664189,316,1801,1733663289,1733665089,30.0,900,901,True,68413,True,185382,False
re3tt_ts-route-service_f3_3,RE3-TT,RE3,tt,Train Ticket,ts-route-service,f3,code-level fault F3,3,1733666306,317,1801,1733665406,1733667206,30.0,900,901,True,69531,True,202011,False
re3tt_ts-route-service_f3_4,RE3-TT,RE3,tt,Train Ticket,ts-route-service,f3,code-level fault F3,4,1733608978,316,1801,1733608078,1733609878,30.0,900,901,True,68521,True,184808,False
re3tt_ts-route-service_f3_5,RE3-TT,RE3,tt,Train Ticket,ts-route-service,f3,code-level fault F3,5,1733672669,315,1801,1733671769,1733673569,30.0,900,901,True,68731,True,211567,False
re3tt_ts-route-service_f3_6,RE3-TT,RE3,tt,Train Ticket,ts-route-service,f3,code-level fault F3,6,1733674797,316,1801,1733673897,1733675697,30.0,900,901,True,71952,True,242715,False
re3tt_ts-route-service_f4_1,RE3-TT,RE3,tt,Train Ticket,ts-route-service,f4,code-level fault F4,1,1733606851,318,1801,1733605951,1733607751,30.0,900,901,True,68353,True,177939,False
re3tt_ts-route-service_f4_2,RE3-TT,RE3,tt,Train Ticket,ts-route-service,f4,code-level fault F4,2,1733668424,316,1801,1733667524,1733669324,30.0,900,901,True,69101,True,200957,False
re3tt_ts-route-service_f4_3,RE3-TT,RE3,tt,Train Ticket,ts-route-service,f4,code-level fault F4,3,1733670551,318,1801,1733669651,1733671451,30.0,900,901,True,69900,True,212774,False
